timestamp,frame,hand_index,handedness,WRIST_x,WRIST_y,WRIST_z,THUMB_CMC_x,THUMB_CMC_y,THUMB_CMC_z,THUMB_MCP_x,THUMB_MCP_y,THUMB_MCP_z,THUMB_IP_x,THUMB_IP_y,THUMB_IP_z,THUMB_TIP_x,THUMB_TIP_y,THUMB_TIP_z,INDEX_MCP_x,INDEX_MCP_y,INDEX_MCP_z,INDEX_PIP_x,INDEX_PIP_y,INDEX_PIP_z,INDEX_DIP_x,INDEX_DIP_y,INDEX_DIP_z,INDEX_TIP_x,INDEX_TIP_y,INDEX_TIP_z,MIDDLE_MCP_x,MIDDLE_MCP_y,MIDDLE_MCP_z,MIDDLE_PIP_x,MIDDLE_PIP_y,MIDDLE_PIP_z,MIDDLE_DIP_x,MIDDLE_DIP_y,MIDDLE_DIP_z,MIDDLE_TIP_x,MIDDLE_TIP_y,MIDDLE_TIP_z,RING_MCP_x,RING_MCP_y,RING_MCP_z,RING_PIP_x,RING_PIP_y,RING_PIP_z,RING_DIP_x,RING_DIP_y,RING_DIP_z,RING_TIP_x,RING_TIP_y,RING_TIP_z,PINKY_MCP_x,PINKY_MCP_y,PINKY_MCP_z,PINKY_PIP_x,PINKY_PIP_y,PINKY_PIP_z,PINKY_DIP_x,PINKY_DIP_y,PINKY_DIP_z,PINKY_TIP_x,PINKY_TIP_y,PINKY_TIP_z
1781654949.237763,27,0,Left,0.708255,0.624773,0.0,0.653831,0.611729,-0.023986,0.606531,0.559361,-0.036099,0.571909,0.506723,-0.046405,0.536841,0.475819,-0.056515,0.622139,0.405037,-0.015625,0.592045,0.31847,-0.030308,0.573414,0.265499,-0.044205,0.558361,0.214043,-0.055694,0.652811,0.376464,-0.018217,0.633095,0.272081,-0.02976,0.620622,0.205758,-0.04232,0.609648,0.148405,-0.052956,0.684036,0.375104,-0.024692,0.674267,0.277316,-0.038348,0.66691,0.213798,-0.048508,0.658162,0.156136,-0.057011,0.715261,0.392518,-0.033772,0.715471,0.317929,-0.046789,0.714526,0.267384,-0.052557,0.711825,0.217914,-0.057431
1781654949.33674,28,0,Left,0.709198,0.623626,0.0,0.655346,0.610428,-0.023048,0.607861,0.559221,-0.03523,0.572683,0.508795,-0.045808,0.537143,0.478866,-0.056266,0.62328,0.404155,-0.01528,0.593356,0.318731,-0.030095,0.575088,0.266564,-0.044084,0.560102,0.216309,-0.055578,0.65397,0.37557,-0.018423,0.634164,0.271824,-0.030245,0.621249,0.206912,-0.042932,0.60939,0.150814,-0.053544,0.68539,0.374114,-0.025327,0.675151,0.276203,-0.039197,0.667739,0.212921,-0.049392,0.658677,0.155402,-0.057831,0.716819,0.391697,-0.03471,0.716658,0.31722,-0.047746,0.715441,0.266816,-0.053392,0.712052,0.217711,-0.058134
1781654949.4374204,29,0,Left,0.708734,0.62134,0.0,0.655267,0.607841,-0.023346,0.607644,0.557233,-0.035651,0.572248,0.508736,-0.046279,0.537682,0.477005,-0.05671,0.622778,0.402846,-0.015391,0.593524,0.318273,-0.030336,0.575058,0.26705,-0.044562,0.559763,0.217612,-0.056225,0.653008,0.373868,-0.018258,0.632594,0.270968,-0.030192,0.619163,0.206174,-0.043045,0.606868,0.149725,-0.053786,0.684452,0.372179,-0.024912,0.674596,0.273331,-0.038879,0.667592,0.209875,-0.049208,0.658816,0.152232,-0.057715,0.71603,0.389709,-0.034054,0.716678,0.31515,-0.047223,0.715863,0.264598,-0.053017,0.712998,0.21525,-0.057812
1781654949.5363183,30,0,Left,0.707066,0.622424,0.0,0.653282,0.608588,-0.02262,0.605393,0.556645,-0.033953,0.569808,0.50872,-0.043707,0.534962,0.481913,-0.053407,0.621579,0.402923,-0.01406,0.592927,0.318822,-0.028335,0.574798,0.267404,-0.042077,0.559743,0.218128,-0.053463,0.652222,0.374345,-0.01714,0.632502,0.271478,-0.028688,0.619268,0.206834,-0.041273,0.607233,0.151089,-0.051739,0.683767,0.373241,-0.023985,0.674884,0.275148,-0.037989,0.66807,0.212003,-0.048443,0.659448,0.154554,-0.056903,0.715221,0.391475,-0.033217,0.716635,0.317173,-0.046523,0.716226,0.266854,-0.052335,0.713575,0.217457,-0.057102
1781654949.6355872,31,0,Left,0.70531,0.62661,0.0,0.653122,0.613897,-0.022692,0.604582,0.564053,-0.034877,0.567099,0.518156,-0.045432,0.531155,0.494284,-0.056126,0.618577,0.4107,-0.016189,0.588132,0.325394,-0.031175,0.569579,0.272744,-0.045261,0.554783,0.222155,-0.056762,0.64863,0.380879,-0.019157,0.628179,0.276376,-0.031303,0.614937,0.210701,-0.044051,0.603126,0.153203,-0.054571,0.679747,0.378487,-0.025689,0.669761,0.279416,-0.039537,0.662724,0.21458,-0.049995,0.654178,0.155815,-0.058586,0.710734,0.395012,-0.034599,0.711578,0.320861,-0.047423,0.711116,0.270196,-0.053112,0.708729,0.220676,-0.057874
1781654949.735419,32,0,Left,0.705605,0.628353,0.0,0.651757,0.615735,-0.023874,0.602873,0.568045,-0.037042,0.565028,0.524229,-0.0485,0.529422,0.497533,-0.059905,0.617379,0.413461,-0.017672,0.586003,0.328558,-0.033809,0.566348,0.276682,-0.048517,0.550456,0.227322,-0.060334,0.647047,0.384394,-0.020615,0.624911,0.280619,-0.034165,0.610345,0.215122,-0.047545,0.59748,0.15808,-0.058316,0.678209,0.382348,-0.027315,0.666915,0.28279,-0.042683,0.659363,0.218115,-0.053677,0.650641,0.15942,-0.062344,0.709812,0.399238,-0.036451,0.710583,0.324319,-0.050642,0.709778,0.272796,-0.057024,0.70707,0.222336,-0.06208
1781654949.835086,33,0,Left,0.705429,0.623488,0.0,0.651926,0.612992,-0.02505,0.604175,0.566205,-0.039005,0.567643,0.519598,-0.05096,0.531115,0.492025,-0.062813,0.616985,0.410247,-0.019567,0.584901,0.32522,-0.035605,0.564781,0.273522,-0.050262,0.548338,0.223106,-0.062216,0.647071,0.380659,-0.022165,0.625064,0.276885,-0.035086,0.611019,0.211338,-0.048445,0.598702,0.153138,-0.059623,0.678636,0.378653,-0.028458,0.667803,0.27975,-0.043278,0.660394,0.216361,-0.054051,0.651525,0.15759,-0.062951,0.710504,0.395913,-0.037303,0.710583,0.321233,-0.051244,0.70985,0.270522,-0.057341,0.707188,0.219908,-0.062424
1781654949.9344149,34,0,Left,0.704129,0.618849,0.0,0.651331,0.605995,-0.024445,0.603927,0.559187,-0.038503,0.567155,0.513224,-0.050652,0.530791,0.48581,-0.062688,0.616202,0.40505,-0.019166,0.585383,0.319532,-0.034976,0.565814,0.267909,-0.0495,0.549712,0.217343,-0.061429,0.646296,0.375696,-0.021993,0.625068,0.27277,-0.034746,0.611417,0.207049,-0.048057,0.599099,0.148175,-0.059321,0.677779,0.37379,-0.028431,0.667782,0.27496,-0.043087,0.660723,0.211114,-0.053816,0.651956,0.152238,-0.062762,0.709168,0.391,-0.037335,0.709591,0.316429,-0.051162,0.70914,0.265486,-0.057227,0.706811,0.214919,-0.062323
1781654950.033733,35,0,Left,0.700864,0.613049,0.0,0.64886,0.600613,-0.02298,0.60107,0.552882,-0.035911,0.564386,0.508545,-0.047017,0.529068,0.484315,-0.058255,0.613727,0.401273,-0.019197,0.582927,0.317831,-0.03483,0.563147,0.267507,-0.048969,0.546644,0.21873,-0.060556,0.643718,0.372859,-0.022366,0.622473,0.269995,-0.03523,0.608603,0.205189,-0.04831,0.595879,0.147393,-0.059221,0.675244,0.37176,-0.028885,0.665381,0.273099,-0.043882,0.658324,0.208438,-0.054856,0.649584,0.148659,-0.063746,0.706616,0.389505,-0.037616,0.707407,0.314419,-0.051639,0.707036,0.262951,-0.0578,0.70471,0.211757,-0.062874
1781654950.1346114,36,0,Left,0.699553,0.604915,0.0,0.648157,0.592532,-0.023459,0.601544,0.546986,-0.037506,0.566286,0.503381,-0.049731,0.530444,0.477313,-0.062173,0.612716,0.397343,-0.021527,0.581188,0.315078,-0.038388,0.56152,0.2647,-0.053005,0.545558,0.215567,-0.064817,0.643223,0.368933,-0.025142,0.62224,0.266293,-0.039376,0.608575,0.201468,-0.053282,0.596013,0.143045,-0.06474,0.675128,0.368398,-0.032064,0.665755,0.269674,-0.048411,0.658461,0.205787,-0.059883,0.649436,0.146136,-0.069044,0.706825,0.387308,-0.041141,0.70843,0.312867,-0.056311,0.708262,0.261249,-0.062906,0.705644,0.209716,-0.068241
1781654950.2342644,37,0,Left,0.699312,0.594243,0.0,0.648947,0.580384,-0.023005,0.601971,0.535889,-0.036887,0.567183,0.494302,-0.048898,0.532604,0.466722,-0.061391,0.615104,0.393067,-0.025109,0.585013,0.309241,-0.043625,0.566092,0.257425,-0.058632,0.550347,0.208014,-0.070206,0.646347,0.368165,-0.028903,0.627072,0.263731,-0.044494,0.613984,0.197942,-0.058509,0.601526,0.139599,-0.069655,0.678599,0.369903,-0.035738,0.671725,0.271937,-0.053469,0.66484,0.208796,-0.065021,0.656115,0.151121,-0.073637,0.710428,0.390944,-0.044496,0.71365,0.316059,-0.060671,0.714845,0.265637,-0.067027,0.713258,0.216795,-0.071748
1781654950.3355532,38,0,Left,0.699269,0.580498,0.0,0.649001,0.563537,-0.021237,0.603766,0.518046,-0.03507,0.571238,0.477782,-0.04744,0.537997,0.448085,-0.060571,0.617678,0.387009,-0.027655,0.589858,0.304097,-0.04754,0.5717,0.253118,-0.062764,0.556131,0.204361,-0.074426,0.648536,0.367304,-0.032906,0.630587,0.26795,-0.05081,0.617764,0.204745,-0.065997,0.604751,0.146676,-0.07783,0.679811,0.372599,-0.040789,0.673453,0.279794,-0.061136,0.666968,0.219024,-0.074231,0.657916,0.16248,-0.083584,0.710416,0.395932,-0.050218,0.716051,0.324315,-0.069052,0.718585,0.274507,-0.077262,0.717984,0.225996,-0.083091
1781654950.4356966,39,0,Left,0.698577,0.559027,0.0,0.649735,0.539114,-0.015906,0.606285,0.488282,-0.027567,0.576179,0.446255,-0.038549,0.544728,0.417128,-0.050437,0.618594,0.375698,-0.026849,0.591496,0.296538,-0.046451,0.573011,0.248749,-0.061021,0.556736,0.204123,-0.072122,0.647168,0.363445,-0.03346,0.629383,0.27755,-0.052425,0.615235,0.225304,-0.066597,0.600923,0.178319,-0.077248,0.67753,0.373856,-0.041897,0.670701,0.295832,-0.062538,0.66206,0.248198,-0.074105,0.651187,0.204622,-0.08211,0.707506,0.401055,-0.051306,0.714307,0.337633,-0.070382,0.716339,0.294036,-0.078446,0.715383,0.250791,-0.083856
1781654950.5320442,40,0,Left,0.709401,0.532644,0.0,0.658461,0.505372,-0.01086,0.611764,0.45359,-0.022408,0.577701,0.408105,-0.035455,0.545576,0.376339,-0.047974,0.624568,0.362275,-0.022409,0.590184,0.30332,-0.044876,0.566858,0.274687,-0.060371,0.544911,0.25238,-0.07112,0.649436,0.354763,-0.03088,0.617211,0.294453,-0.056885,0.58773,0.282782,-0.070209,0.564068,0.277074,-0.078059,0.678205,0.366228,-0.040911,0.658807,0.325824,-0.068202,0.636986,0.36985,-0.070103,0.621177,0.413828,-0.066871,0.706531,0.394964,-0.051996,0.702698,0.357878,-0.074526,0.694357,0.351921,-0.078181,0.686786,0.351743,-0.077342
1781654950.6315637,41,0,Left,0.740796,0.504273,-1e-06,0.675187,0.450428,-0.005923,0.625743,0.398231,-0.015843,0.585072,0.356403,-0.026104,0.550022,0.319621,-0.035361,0.631119,0.3158,-0.03092,0.583761,0.353983,-0.047949,0.56132,0.3893,-0.052793,0.547975,0.415534,-0.055477,0.655392,0.327224,-0.037652,0.611666,0.439847,-0.056659,0.613513,0.49017,-0.058285,0.623534,0.51824,-0.060302,0.679631,0.362343,-0.044489,0.636485,0.472868,-0.062679,0.636509,0.513858,-0.058955,0.644232,0.540191,-0.056196,0.703166,0.40929,-0.051889,0.662602,0.484725,-0.068248,0.643254,0.525566,-0.07066,0.631718,0.561124,-0.070717
1781654950.7324293,42,0,Left,0.73563,0.435378,-0.0,0.671703,0.383579,-0.016209,0.613588,0.346398,-0.035362,0.574826,0.316393,-0.051928,0.541353,0.263758,-0.067036,0.608997,0.330733,-0.06018,0.568453,0.434048,-0.085972,0.551736,0.501196,-0.093492,0.537493,0.556454,-0.095748,0.641166,0.356253,-0.062856,0.610348,0.489435,-0.079347,0.623023,0.47625,-0.070569,0.636377,0.456243,-0.066709,0.673761,0.395353,-0.066168,0.638449,0.521854,-0.08009,0.649835,0.499598,-0.0621,0.662911,0.468947,-0.050309,0.70513,0.431319,-0.071545,0.663311,0.545504,-0.086191,0.647174,0.573157,-0.080167,0.637255,0.589966,-0.073652
1781654950.8314397,43,0,Left,0.736524,0.362968,-0.0,0.671985,0.312586,-0.00846,0.607322,0.305206,-0.028292,0.565552,0.295659,-0.046935,0.529944,0.251557,-0.067876,0.597853,0.330288,-0.065482,0.56127,0.469088,-0.086066,0.547162,0.544163,-0.091276,0.53261,0.60444,-0.094227,0.628779,0.359226,-0.073096,0.586618,0.510727,-0.090796,0.562261,0.572307,-0.090254,0.543356,0.623541,-0.093567,0.664062,0.39161,-0.077581,0.628698,0.515617,-0.091233,0.639775,0.484716,-0.078551,0.652417,0.445413,-0.072468,0.694859,0.42254,-0.08195,0.661137,0.524436,-0.095253,0.659531,0.516666,-0.087411,0.662083,0.490563,-0.081477
1781654950.9310436,44,0,Left,0.711618,0.318131,-0.0,0.649925,0.291889,-0.006779,0.584807,0.304854,-0.023764,0.540227,0.299743,-0.038435,0.504291,0.269482,-0.05596,0.581028,0.335976,-0.066928,0.549803,0.485945,-0.086405,0.533712,0.562684,-0.094692,0.517748,0.625468,-0.102066,0.611673,0.361961,-0.07365,0.580833,0.521387,-0.089056,0.561578,0.59167,-0.090932,0.540047,0.653137,-0.098774,0.648634,0.392742,-0.077032,0.623106,0.521732,-0.08977,0.633928,0.492506,-0.081641,0.643364,0.460469,-0.080234,0.682583,0.42121,-0.079877,0.653193,0.538538,-0.094611,0.640632,0.588261,-0.093149,0.630408,0.628933,-0.093976
1781654951.0313,45,0,Left,0.686518,0.295997,-0.0,0.62842,0.284361,-0.001967,0.563267,0.312751,-0.015818,0.5163,0.306956,-0.028191,0.482323,0.272897,-0.042955,0.55983,0.363785,-0.056993,0.53355,0.515767,-0.077176,0.519472,0.594866,-0.089091,0.506538,0.653832,-0.100209,0.592868,0.386623,-0.064401,0.580414,0.526885,-0.081719,0.599391,0.487907,-0.078186,0.605849,0.44165,-0.080257,0.631019,0.410918,-0.069539,0.614422,0.533746,-0.084165,0.625851,0.494438,-0.072073,0.633878,0.450116,-0.067261,0.66628,0.433421,-0.073918,0.638431,0.55378,-0.090326,0.62747,0.616843,-0.0905,0.617377,0.672639,-0.092362
1781654951.1304505,46,0,Left,0.66755,0.292679,-0.0,0.609454,0.292662,-0.002666,0.548324,0.330663,-0.016984,0.499772,0.335464,-0.030157,0.464274,0.300184,-0.045799,0.545638,0.378845,-0.053722,0.52578,0.526516,-0.069946,0.51752,0.601432,-0.078064,0.509746,0.659448,-0.086645,0.579516,0.40336,-0.061877,0.577454,0.541525,-0.07841,0.589058,0.502494,-0.07511,0.591592,0.457445,-0.07667,0.618859,0.425278,-0.067662,0.611246,0.547365,-0.080338,0.6194,0.509082,-0.068687,0.623703,0.464254,-0.064297,0.656177,0.447098,-0.073236,0.637706,0.57018,-0.08694,0.630731,0.635631,-0.087267,0.624087,0.692882,-0.08992
1781654951.2303307,47,0,Left,0.662357,0.303081,-0.0,0.604238,0.302251,-0.003184,0.543351,0.340736,-0.017765,0.495155,0.35235,-0.031154,0.459597,0.32022,-0.047032,0.543699,0.393501,-0.052997,0.527677,0.539979,-0.068592,0.521609,0.618396,-0.075766,0.516504,0.680179,-0.083339,0.577933,0.417579,-0.060415,0.576909,0.550627,-0.077558,0.584158,0.516332,-0.075218,0.585008,0.477775,-0.075985,0.617403,0.438495,-0.065174,0.608702,0.559387,-0.078295,0.616553,0.518223,-0.066284,0.621842,0.471961,-0.059915,0.654254,0.460899,-0.069665,0.637866,0.583208,-0.081164,0.63054,0.640764,-0.079191,0.623402,0.690679,-0.079429
1781654951.329681,48,0,Left,0.659435,0.309567,0.0,0.602093,0.307336,-0.004607,0.541718,0.344373,-0.017087,0.493623,0.355546,-0.02899,0.45872,0.32853,-0.043074,0.544543,0.406606,-0.04816,0.530937,0.546384,-0.064026,0.527166,0.622446,-0.072216,0.521765,0.681087,-0.079151,0.578045,0.433115,-0.057091,0.560958,0.583065,-0.0707,0.546319,0.64228,-0.073091,0.531231,0.684769,-0.078227,0.615869,0.452637,-0.064039,0.60234,0.569541,-0.078206,0.609012,0.529936,-0.071558,0.616088,0.482854,-0.066844,0.652018,0.471285,-0.071154,0.638474,0.584504,-0.0837,0.63236,0.641107,-0.083204,0.626943,0.68802,-0.083609
1781654951.4387925,49,0,Left,0.657157,0.31627,-0.0,0.600069,0.316827,-0.002712,0.539915,0.355191,-0.015072,0.493375,0.369032,-0.02631,0.459267,0.347727,-0.039692,0.544452,0.415949,-0.05013,0.534145,0.558214,-0.063789,0.531523,0.636159,-0.069803,0.527268,0.698379,-0.076367,0.578009,0.439697,-0.057513,0.570374,0.571714,-0.070124,0.565651,0.573297,-0.067778,0.557016,0.566611,-0.069834,0.616098,0.456779,-0.062323,0.605484,0.573409,-0.074232,0.611827,0.534058,-0.062894,0.617625,0.486833,-0.056647,0.651877,0.474938,-0.066947,0.640364,0.592719,-0.078571,0.634422,0.649166,-0.076705,0.6293,0.696069,-0.076784
1781654951.535859,50,0,Left,0.654763,0.320206,-0.0,0.596603,0.323324,-0.002486,0.537202,0.363429,-0.01558,0.490438,0.377524,-0.027547,0.455255,0.355885,-0.041583,0.543374,0.421372,-0.052612,0.533692,0.568078,-0.066014,0.532292,0.644552,-0.070916,0.52874,0.703879,-0.076708,0.578779,0.444069,-0.059944,0.573101,0.576649,-0.073207,0.571109,0.565165,-0.069388,0.565562,0.544957,-0.069988,0.617994,0.461483,-0.064477,0.605824,0.579276,-0.075904,0.611896,0.538184,-0.063232,0.617364,0.490588,-0.056322,0.653316,0.479594,-0.068786,0.641377,0.595706,-0.080129,0.636004,0.650447,-0.077986,0.632019,0.696899,-0.077858
1781654951.628612,51,0,Left,0.65298,0.3198,0.0,0.593838,0.326183,-0.003711,0.534176,0.367116,-0.016559,0.487053,0.379506,-0.02823,0.452386,0.361635,-0.041702,0.542361,0.426834,-0.051241,0.532965,0.570657,-0.064552,0.531673,0.646856,-0.069933,0.527086,0.706896,-0.075574,0.57817,0.44974,-0.058506,0.570592,0.58794,-0.069926,0.563054,0.615202,-0.067889,0.552141,0.629867,-0.070506,0.616868,0.466231,-0.063311,0.603502,0.583807,-0.073801,0.608651,0.544401,-0.0627,0.6146,0.495756,-0.056565,0.651621,0.483119,-0.068299,0.639047,0.598291,-0.079158,0.63331,0.657185,-0.077778,0.629112,0.705418,-0.078087
1781654951.7358856,52,0,Left,0.650681,0.325159,0.0,0.592539,0.328518,-0.006477,0.532916,0.371823,-0.020144,0.486297,0.390325,-0.032917,0.450913,0.372677,-0.047358,0.537896,0.439801,-0.050596,0.532196,0.584683,-0.067086,0.531351,0.660826,-0.074929,0.527708,0.719218,-0.080749,0.574083,0.461949,-0.057866,0.563162,0.605449,-0.072338,0.550042,0.665495,-0.074239,0.537229,0.709869,-0.078262,0.612535,0.476883,-0.063143,0.601572,0.591081,-0.077042,0.604728,0.555287,-0.069152,0.610449,0.508869,-0.062766,0.648592,0.491599,-0.068839,0.635789,0.606237,-0.080006,0.630301,0.665344,-0.077935,0.62798,0.712409,-0.076488
1781654951.8280447,53,0,Left,0.639792,0.333102,-0.0,0.585149,0.350054,-0.006076,0.530011,0.39928,-0.021579,0.484535,0.413096,-0.035575,0.447146,0.392025,-0.051435,0.534018,0.467086,-0.052872,0.532206,0.613171,-0.071098,0.53087,0.694213,-0.081811,0.530611,0.761953,-0.091774,0.569735,0.484985,-0.059007,0.573224,0.606569,-0.076952,0.576759,0.565386,-0.076373,0.574131,0.524688,-0.078332,0.610135,0.496875,-0.062914,0.608355,0.611131,-0.07693,0.614275,0.574993,-0.065855,0.616275,0.5299,-0.059893,0.648216,0.509895,-0.06696,0.64085,0.628456,-0.080143,0.637679,0.690088,-0.079367,0.634184,0.740378,-0.07984
1781654951.9274433,54,0,Left,0.639334,0.345723,-0.0,0.583834,0.363871,-0.004917,0.526114,0.41307,-0.018153,0.482801,0.435351,-0.029487,0.447493,0.424684,-0.042545,0.536317,0.47121,-0.053563,0.53222,0.619788,-0.070261,0.530316,0.696938,-0.077722,0.528059,0.759279,-0.084557,0.572993,0.488999,-0.058348,0.577998,0.614838,-0.073826,0.583519,0.575492,-0.069438,0.581066,0.533972,-0.06836,0.612535,0.499012,-0.060689,0.608136,0.615391,-0.072082,0.615675,0.579873,-0.057936,0.617983,0.534474,-0.049709,0.649824,0.511264,-0.063125,0.639019,0.628835,-0.074241,0.636975,0.688992,-0.07163,0.635277,0.736983,-0.070643
1781654952.0278552,55,0,Left,0.639971,0.343079,-0.0,0.58347,0.357886,-0.005126,0.526617,0.40333,-0.019237,0.4838,0.417739,-0.03116,0.448647,0.404121,-0.045137,0.536582,0.466556,-0.055364,0.529306,0.612364,-0.072284,0.524866,0.691027,-0.080378,0.521883,0.755279,-0.087752,0.573429,0.484389,-0.060286,0.57475,0.613103,-0.074788,0.577387,0.57269,-0.069768,0.574695,0.529788,-0.06838,0.613161,0.493603,-0.06274,0.60657,0.612213,-0.072485,0.611992,0.575283,-0.057367,0.614008,0.53047,-0.048918,0.649735,0.504914,-0.065402,0.637978,0.623694,-0.075727,0.63467,0.680858,-0.072376,0.631834,0.727807,-0.071055
1781654952.1267374,56,0,Left,0.64204,0.34259,-0.0,0.586053,0.355066,-0.00517,0.529118,0.398117,-0.019139,0.4855,0.413791,-0.03109,0.450621,0.404221,-0.044903,0.537848,0.464772,-0.055689,0.525303,0.609725,-0.072957,0.518469,0.689366,-0.080588,0.513377,0.755374,-0.087729,0.573187,0.484086,-0.060496,0.574388,0.603888,-0.075781,0.5795,0.564722,-0.070495,0.57684,0.526554,-0.068887,0.612013,0.494715,-0.062898,0.605314,0.609619,-0.074109,0.612241,0.573311,-0.059038,0.614949,0.528911,-0.050355,0.647963,0.507635,-0.065372,0.637658,0.625649,-0.077171,0.634937,0.683864,-0.074465,0.631596,0.731968,-0.073206
1781654952.2267473,57,0,Left,0.641131,0.34571,-0.0,0.585387,0.358064,-0.005125,0.528597,0.404048,-0.019174,0.484964,0.423635,-0.030833,0.449932,0.414471,-0.044124,0.537242,0.467518,-0.057823,0.523305,0.612345,-0.077168,0.515545,0.692311,-0.086925,0.510414,0.758616,-0.095624,0.573491,0.488498,-0.062454,0.57174,0.613326,-0.079474,0.574955,0.570747,-0.075049,0.572048,0.531739,-0.073958,0.612359,0.500027,-0.064548,0.603024,0.621257,-0.076376,0.609227,0.581118,-0.060717,0.612694,0.533276,-0.051612,0.647822,0.512859,-0.066773,0.637872,0.633003,-0.079875,0.634666,0.692133,-0.078069,0.630951,0.741984,-0.077327
1781654952.3259492,58,0,Left,0.642183,0.349257,-0.0,0.584845,0.363521,-0.005355,0.526265,0.410987,-0.017916,0.481616,0.43143,-0.027789,0.446856,0.420459,-0.039397,0.535963,0.4687,-0.055641,0.522385,0.605892,-0.073593,0.513526,0.682371,-0.08205,0.50763,0.746507,-0.089889,0.571725,0.489727,-0.060076,0.570286,0.621568,-0.076321,0.575427,0.581788,-0.070783,0.573868,0.542282,-0.068487,0.61085,0.501754,-0.062235,0.602292,0.623243,-0.074072,0.608418,0.586626,-0.058436,0.612044,0.541115,-0.048967,0.646566,0.516015,-0.064579,0.634907,0.634084,-0.079094,0.629779,0.696664,-0.078911,0.625104,0.748523,-0.079144
1781654952.429213,59,0,Left,0.641048,0.344563,0.0,0.585925,0.357302,-0.007835,0.528278,0.415542,-0.021326,0.481529,0.459514,-0.031807,0.44275,0.467781,-0.044203,0.534175,0.448299,-0.060981,0.502496,0.580347,-0.079759,0.485671,0.656007,-0.086225,0.474123,0.718317,-0.091459,0.569674,0.471157,-0.065641,0.556516,0.628686,-0.083337,0.554491,0.645631,-0.080564,0.549515,0.646837,-0.079975,0.607696,0.486633,-0.067773,0.590612,0.627964,-0.082654,0.594003,0.615997,-0.071565,0.599286,0.584663,-0.063784,0.641747,0.502049,-0.069925,0.629758,0.624471,-0.085946,0.625299,0.687256,-0.087076,0.62359,0.734155,-0.087113
1781654952.5257444,60,0,Left,0.644624,0.331398,0.0,0.58872,0.341928,-0.002845,0.530627,0.383928,-0.01434,0.485086,0.40484,-0.025253,0.448602,0.392998,-0.038838,0.531111,0.429003,-0.040808,0.49898,0.544019,-0.056926,0.486448,0.604343,-0.063879,0.478664,0.646383,-0.067776,0.566536,0.452493,-0.048648,0.543563,0.589903,-0.062198,0.537128,0.639088,-0.06339,0.532196,0.665313,-0.064421,0.604068,0.46972,-0.0546,0.576758,0.597152,-0.064837,0.567859,0.644262,-0.059362,0.562486,0.669443,-0.055551,0.639418,0.481773,-0.060187,0.614481,0.58321,-0.068135,0.605563,0.622489,-0.062483,0.601482,0.647083,-0.057193
1781654952.6260314,61,0,Left,0.65242,0.343872,0.0,0.594501,0.329965,-0.004205,0.533982,0.358385,-0.017501,0.484411,0.37935,-0.028919,0.446505,0.372435,-0.043862,0.53208,0.409031,-0.05756,0.485341,0.523458,-0.078866,0.458117,0.591232,-0.087378,0.434923,0.643061,-0.093269,0.561857,0.436112,-0.067415,0.510474,0.555205,-0.089234,0.47849,0.62559,-0.099138,0.45158,0.68022,-0.106494,0.59762,0.45893,-0.074196,0.561275,0.582333,-0.095324,0.535694,0.662403,-0.108533,0.512185,0.72299,-0.117903,0.633276,0.475975,-0.078972,0.622417,0.576579,-0.101155,0.618992,0.638129,-0.111744,0.61329,0.691403,-0.118201
1781654952.7248886,62,0,Left,0.659516,0.346629,0.0,0.597986,0.325183,-0.003374,0.535553,0.346892,-0.015735,0.482564,0.360192,-0.026364,0.443864,0.349324,-0.038921,0.53934,0.39094,-0.054395,0.48741,0.478798,-0.073549,0.459129,0.534787,-0.078816,0.434896,0.582375,-0.083075,0.564367,0.433663,-0.063749,0.508679,0.51806,-0.091975,0.470241,0.571089,-0.105279,0.439487,0.614801,-0.114477,0.595529,0.473101,-0.069612,0.568048,0.569445,-0.09675,0.542082,0.632986,-0.111165,0.520052,0.683445,-0.120062,0.625033,0.50676,-0.073199,0.613559,0.606344,-0.09693,0.610546,0.666256,-0.108294,0.60482,0.723126,-0.115517
1781654952.824464,63,0,Left,0.657845,0.350335,0.0,0.597767,0.324955,-0.004779,0.534297,0.344996,-0.017266,0.480062,0.356161,-0.027852,0.441449,0.337996,-0.040419,0.537332,0.383932,-0.057101,0.480489,0.468605,-0.078463,0.446838,0.522809,-0.085737,0.417627,0.566963,-0.09131,0.562242,0.428432,-0.066007,0.509869,0.505033,-0.097225,0.469756,0.553356,-0.112344,0.436846,0.594356,-0.122583,0.59332,0.467525,-0.071271,0.567387,0.559676,-0.099552,0.542527,0.620727,-0.113389,0.522004,0.670342,-0.121607,0.622906,0.499817,-0.074572,0.611733,0.597343,-0.098733,0.607723,0.655489,-0.109772,0.60212,0.711655,-0.116362
1781654952.9247715,64,0,Left,0.650963,0.347121,0.0,0.58478,0.334412,-0.002595,0.52236,0.370993,-0.012263,0.476493,0.417736,-0.020495,0.44614,0.463281,-0.031166,0.524328,0.381989,-0.055708,0.467679,0.46299,-0.078852,0.437431,0.518926,-0.088666,0.411803,0.568523,-0.095332,0.555001,0.412337,-0.066182,0.507571,0.493676,-0.094629,0.472059,0.546497,-0.109257,0.442119,0.592184,-0.120101,0.59015,0.447212,-0.073301,0.5641,0.549771,-0.099711,0.539524,0.616227,-0.113608,0.517924,0.669209,-0.122844,0.623682,0.480479,-0.078388,0.612621,0.572951,-0.101847,0.606949,0.627419,-0.1121,0.600173,0.675531,-0.118422
1781654953.0244107,65,0,Left,0.65513,0.348676,0.0,0.594126,0.341429,-0.002201,0.533537,0.379797,-0.015542,0.488924,0.429683,-0.027166,0.457829,0.477746,-0.042118,0.526493,0.364585,-0.069987,0.467144,0.429153,-0.1004,0.433776,0.484258,-0.115613,0.407556,0.53398,-0.125404,0.56169,0.377448,-0.081533,0.524052,0.462124,-0.115486,0.502803,0.534539,-0.127897,0.487576,0.59274,-0.136951,0.599034,0.403578,-0.089429,0.572933,0.504558,-0.120169,0.551524,0.581616,-0.129199,0.533257,0.639162,-0.134078,0.632626,0.436339,-0.094896,0.612068,0.526535,-0.11832,0.596947,0.57996,-0.123942,0.580675,0.616904,-0.126623
1781654953.1307795,66,0,Left,0.664404,0.343715,-0.0,0.604259,0.332285,-0.002767,0.555376,0.409318,-0.023605,0.538504,0.514458,-0.041988,0.535465,0.597248,-0.063714,0.53337,0.349403,-0.070224,0.474645,0.409262,-0.100039,0.43742,0.452605,-0.11484,0.406752,0.491687,-0.125275,0.566812,0.361818,-0.081287,0.52666,0.517189,-0.111006,0.538523,0.562051,-0.110828,0.548671,0.569559,-0.109562,0.603966,0.395728,-0.089139,0.570407,0.554326,-0.110133,0.565257,0.592927,-0.098587,0.557579,0.598781,-0.08975,0.636988,0.431923,-0.09582,0.606577,0.563935,-0.109285,0.595439,0.603624,-0.101565,0.584351,0.617543,-0.094874
1781654953.2298608,67,0,Left,0.664659,0.349774,-0.0,0.608422,0.323556,-0.005489,0.546098,0.355246,-0.020298,0.494782,0.390258,-0.03138,0.454523,0.41107,-0.044908,0.538481,0.348244,-0.071571,0.474735,0.417457,-0.099828,0.435301,0.455383,-0.111711,0.403216,0.486058,-0.12064,0.568092,0.368413,-0.07906,0.52668,0.527975,-0.105527,0.5455,0.532396,-0.099,0.556526,0.502029,-0.095179,0.603299,0.404458,-0.084583,0.570494,0.559631,-0.107846,0.577658,0.574082,-0.095792,0.579453,0.560849,-0.087834,0.635507,0.439241,-0.089176,0.607648,0.570205,-0.109387,0.599832,0.614389,-0.10836,0.590991,0.640955,-0.107244
1781654953.3298795,68,0,Left,0.661804,0.35565,-0.0,0.601801,0.337479,-0.002742,0.545584,0.403412,-0.021161,0.513562,0.49477,-0.037414,0.497335,0.572795,-0.05688,0.530078,0.36044,-0.067358,0.473489,0.429689,-0.096978,0.435535,0.471227,-0.112935,0.405239,0.507294,-0.125225,0.561666,0.378574,-0.077785,0.522694,0.547836,-0.104855,0.541052,0.54983,-0.101906,0.551619,0.518534,-0.101078,0.59885,0.413263,-0.085707,0.5656,0.570468,-0.107938,0.57501,0.576321,-0.095168,0.581133,0.556238,-0.086718,0.632923,0.448154,-0.092659,0.60194,0.577877,-0.112867,0.594723,0.621785,-0.110546,0.588531,0.648116,-0.108075
1781654953.4323974,69,0,Left,0.659541,0.366897,-0.0,0.602242,0.337733,-0.005874,0.543885,0.39082,-0.023492,0.510832,0.473249,-0.037127,0.49899,0.54579,-0.053639,0.532691,0.35776,-0.069123,0.476186,0.440543,-0.094595,0.44195,0.486508,-0.103708,0.414121,0.52424,-0.110563,0.567664,0.38366,-0.077826,0.524937,0.541888,-0.108313,0.539379,0.545974,-0.105585,0.550115,0.515135,-0.101948,0.604231,0.425174,-0.084287,0.557398,0.570816,-0.110182,0.548856,0.607343,-0.102627,0.541495,0.615731,-0.095486,0.634263,0.463855,-0.089337,0.588941,0.563171,-0.109455,0.566742,0.601295,-0.109757,0.548472,0.626573,-0.109027
1781654953.5294278,70,0,Left,0.671622,0.395452,-0.0,0.624331,0.338717,0.003284,0.558234,0.335654,-0.002827,0.501714,0.354205,-0.006954,0.465698,0.379184,-0.013223,0.547297,0.339871,-0.047714,0.478337,0.39501,-0.060507,0.445797,0.426525,-0.060837,0.424007,0.456662,-0.061514,0.564115,0.393993,-0.0549,0.499439,0.475977,-0.067804,0.50555,0.476466,-0.061362,0.515758,0.463903,-0.057942,0.586212,0.448033,-0.0589,0.513822,0.512215,-0.071701,0.516209,0.510619,-0.063071,0.524039,0.500557,-0.058332,0.607858,0.496707,-0.060941,0.562865,0.552003,-0.078383,0.53727,0.58644,-0.083299,0.514032,0.619003,-0.086637
1781654953.6215012,71,0,Left,0.707805,0.473826,0.0,0.671122,0.37685,0.004044,0.616915,0.344712,0.002204,0.565393,0.347379,0.001186,0.531689,0.373166,-0.00188,0.594474,0.343905,-0.033767,0.519264,0.335742,-0.047598,0.472972,0.339839,-0.051916,0.439275,0.344805,-0.054097,0.590557,0.400206,-0.041014,0.512024,0.387186,-0.056828,0.464323,0.389292,-0.064165,0.428295,0.390764,-0.068821,0.593177,0.463184,-0.04503,0.522421,0.465426,-0.058251,0.477395,0.468612,-0.066615,0.443606,0.468036,-0.072505,0.600939,0.52695,-0.046817,0.555728,0.569639,-0.059923,0.527754,0.594332,-0.066318,0.503417,0.613196,-0.069842
1781654953.7294812,72,0,Left,0.733706,0.540716,0.0,0.716941,0.42441,0.006108,0.677456,0.358171,-0.000114,0.629118,0.333222,-0.006772,0.5911,0.346271,-0.015729,0.647225,0.34417,-0.037879,0.574502,0.299977,-0.054178,0.530222,0.291392,-0.058263,0.497471,0.290225,-0.059884,0.632787,0.396828,-0.049457,0.548049,0.349206,-0.072645,0.496757,0.332478,-0.081296,0.460582,0.328997,-0.085073,0.625986,0.461756,-0.057039,0.549129,0.447037,-0.074404,0.506097,0.448276,-0.079537,0.476656,0.455671,-0.081205,0.626628,0.530721,-0.062172,0.56549,0.545417,-0.074521,0.53504,0.562195,-0.076141,0.511974,0.582881,-0.075211
1781654953.8280563,73,0,Left,0.750843,0.627099,0.0,0.759999,0.51826,-0.000359,0.744603,0.410773,-0.012295,0.729282,0.310639,-0.024551,0.723421,0.236103,-0.038782,0.70824,0.381677,-0.043013,0.646794,0.296053,-0.059905,0.6099,0.259916,-0.065843,0.57884,0.233765,-0.070051,0.683164,0.41702,-0.053446,0.606985,0.325501,-0.072934,0.55963,0.283132,-0.080892,0.521993,0.254104,-0.087211,0.663394,0.472512,-0.060437,0.589157,0.405179,-0.077389,0.565052,0.408885,-0.078482,0.553286,0.420799,-0.078101,0.648912,0.538301,-0.066186,0.587151,0.502531,-0.081795,0.555831,0.494816,-0.084742,0.529977,0.490104,-0.085274
1781654953.9202502,74,0,Left,0.772004,0.67294,0.0,0.783025,0.575616,0.000798,0.773489,0.472041,-0.005141,0.76487,0.373246,-0.010569,0.762454,0.298744,-0.016231,0.740083,0.426284,-0.025639,0.681495,0.327396,-0.032766,0.648137,0.285249,-0.034492,0.620158,0.256649,-0.034613,0.709135,0.462115,-0.030246,0.649822,0.358383,-0.03183,0.62299,0.315805,-0.027741,0.605585,0.28934,-0.025713,0.683042,0.512228,-0.032478,0.647562,0.447015,-0.029771,0.660618,0.465646,-0.016235,0.677246,0.492334,-0.007596,0.662257,0.565793,-0.035018,0.643074,0.510459,-0.028592,0.656868,0.527161,-0.013561,0.670803,0.550614,-0.002152
1781654954.027348,75,0,Right,0.81854,0.702735,-0.0,0.817858,0.59047,-0.00541,0.784202,0.497529,-0.014667,0.759179,0.42138,-0.023683,0.763533,0.353112,-0.032961,0.724167,0.511073,-0.028257,0.660117,0.496742,-0.038482,0.659905,0.499056,-0.042895,0.667271,0.507586,-0.045905,0.71563,0.574102,-0.030815,0.669688,0.581469,-0.037076,0.700349,0.589534,-0.0347,0.730986,0.594567,-0.036155,0.715467,0.637398,-0.032385,0.687497,0.638882,-0.037596,0.714046,0.635232,-0.029817,0.739196,0.633429,-0.02762,0.720515,0.691022,-0.034094,0.702353,0.683091,-0.03786,0.726398,0.678738,-0.029897,0.747725,0.679313,-0.02473
1781654954.1197846,76,0,Left,0.847613,0.643801,-0.0,0.829736,0.558206,0.005453,0.786667,0.492882,0.001416,0.755967,0.429353,-0.003508,0.745516,0.374491,-0.010657,0.750294,0.502805,-0.024984,0.683364,0.527346,-0.041131,0.645055,0.54255,-0.053395,0.614601,0.557747,-0.062624,0.750095,0.552635,-0.032052,0.693514,0.605617,-0.043041,0.713618,0.611654,-0.040371,0.737135,0.601188,-0.040563,0.753224,0.610477,-0.037533,0.702862,0.648845,-0.048645,0.720547,0.653247,-0.03881,0.742044,0.644625,-0.033069,0.756957,0.664797,-0.041958,0.712864,0.68565,-0.050077,0.725382,0.693657,-0.041784,0.74118,0.692749,-0.035793
1781654954.2202144,77,0,Left,0.831767,0.598625,-0.0,0.812096,0.516172,-0.000727,0.771553,0.447889,-0.006321,0.74057,0.386757,-0.009623,0.731722,0.329278,-0.013773,0.74029,0.467844,-0.040301,0.67493,0.489913,-0.056905,0.635592,0.50701,-0.070429,0.603583,0.524447,-0.082708,0.737959,0.527972,-0.044122,0.682345,0.571296,-0.058246,0.709923,0.573161,-0.058,0.733781,0.558951,-0.060409,0.74003,0.590572,-0.046024,0.688875,0.61878,-0.054509,0.710132,0.61995,-0.044799,0.735406,0.608585,-0.041311,0.74358,0.648643,-0.047874,0.688996,0.668684,-0.060413,0.662402,0.693503,-0.062618,0.64042,0.711635,-0.065307
1781654954.319172,78,0,Left,0.816809,0.564814,-0.0,0.790686,0.491911,-0.00145,0.744038,0.435186,-0.009691,0.71181,0.382221,-0.017134,0.699947,0.326176,-0.026331,0.715259,0.455518,-0.038171,0.64942,0.487049,-0.051451,0.6127,0.509503,-0.059541,0.582193,0.528626,-0.067785,0.717896,0.505849,-0.04411,0.667863,0.566687,-0.057268,0.692201,0.568491,-0.054622,0.711747,0.551587,-0.055156,0.726772,0.564953,-0.048352,0.677975,0.615983,-0.057941,0.698524,0.61523,-0.046697,0.719944,0.601366,-0.041495,0.737085,0.623673,-0.052629,0.681292,0.6566,-0.064408,0.653465,0.678165,-0.064191,0.629729,0.6943,-0.065107
1781654954.4192271,79,0,Left,0.809769,0.56943,-0.0,0.787265,0.490657,-0.00021,0.741719,0.428365,-0.004945,0.708457,0.37516,-0.00935,0.695511,0.322404,-0.015073,0.708219,0.455273,-0.025159,0.649943,0.46657,-0.030553,0.616999,0.479822,-0.031193,0.590482,0.490428,-0.033054,0.708722,0.501468,-0.029426,0.6618,0.521252,-0.035508,0.662891,0.526881,-0.034196,0.666268,0.526348,-0.034759,0.715776,0.55114,-0.031636,0.67456,0.575036,-0.037192,0.68257,0.580298,-0.032494,0.693685,0.580445,-0.030698,0.723928,0.598646,-0.033424,0.682781,0.625256,-0.038259,0.658388,0.641523,-0.038006,0.635466,0.655173,-0.038806
1781654954.5188382,80,0,Left,0.804448,0.586644,0.0,0.792658,0.504384,-0.001935,0.75351,0.428195,-0.0106,0.720494,0.368014,-0.017484,0.708378,0.315014,-0.026447,0.733993,0.434578,-0.046586,0.66604,0.414414,-0.060199,0.625317,0.408703,-0.063418,0.592311,0.407004,-0.06625,0.726667,0.474393,-0.053955,0.665428,0.42831,-0.070932,0.624826,0.40904,-0.076197,0.590592,0.397325,-0.079887,0.72152,0.525013,-0.058552,0.65675,0.495233,-0.076187,0.611928,0.483659,-0.086627,0.575662,0.47443,-0.093702,0.717647,0.579873,-0.061103,0.665489,0.591963,-0.078202,0.634584,0.607449,-0.086581,0.607787,0.618741,-0.091992
1781654954.6187599,81,0,Left,0.800959,0.577744,0.0,0.780586,0.492328,0.013669,0.73353,0.448243,0.013095,0.687524,0.44713,0.010882,0.657802,0.460678,0.005831,0.721214,0.401886,-0.022657,0.65638,0.381052,-0.033976,0.620375,0.37789,-0.039081,0.59213,0.378082,-0.043215,0.715089,0.449709,-0.037212,0.647264,0.411955,-0.049561,0.606806,0.391684,-0.056878,0.573236,0.378393,-0.062892,0.712237,0.509777,-0.04841,0.647365,0.500352,-0.061469,0.607609,0.49473,-0.071535,0.575608,0.488117,-0.079148,0.713668,0.574764,-0.056571,0.660242,0.594325,-0.070612,0.632101,0.612211,-0.077195,0.607,0.623931,-0.081506
1781654954.718184,82,0,Left,0.807351,0.582736,0.0,0.786565,0.494608,0.007329,0.747539,0.427312,0.002856,0.718733,0.370588,-0.003376,0.710281,0.316586,-0.012215,0.719149,0.420177,-0.02657,0.658296,0.392288,-0.040159,0.620715,0.383404,-0.046419,0.590124,0.378984,-0.051465,0.715934,0.46571,-0.039219,0.649813,0.440067,-0.053371,0.608725,0.428762,-0.060318,0.57689,0.424103,-0.066061,0.71806,0.523041,-0.049262,0.652653,0.530906,-0.061656,0.618428,0.534234,-0.065929,0.592622,0.534844,-0.069805,0.724662,0.583828,-0.057748,0.673708,0.611587,-0.069689,0.64536,0.627507,-0.073141,0.621225,0.6355,-0.075331
1781654954.824978,83,0,Left,0.823527,0.574853,-0.0,0.80237,0.4934,0.001917,0.762844,0.421756,-0.007162,0.732371,0.360421,-0.016076,0.721445,0.301864,-0.027823,0.738754,0.419877,-0.039992,0.675611,0.392597,-0.0582,0.636452,0.383543,-0.065891,0.603789,0.376013,-0.071784,0.740482,0.4627,-0.049896,0.665506,0.472655,-0.070263,0.643594,0.499832,-0.073295,0.631842,0.517033,-0.074455,0.744934,0.518328,-0.057312,0.674777,0.552711,-0.073772,0.644582,0.581992,-0.072914,0.623539,0.600283,-0.072139,0.750691,0.576333,-0.063449,0.697055,0.609155,-0.075005,0.671905,0.631989,-0.075221,0.651145,0.645194,-0.075114
1781654954.824978,83,1,Left,0.836464,0.579304,-0.0,0.801586,0.498191,-0.012138,0.761319,0.418957,-0.015085,0.736877,0.35486,-0.01625,0.723056,0.297746,-0.019813,0.751689,0.415502,-0.01609,0.691968,0.40081,-0.025429,0.656748,0.396991,-0.035494,0.630386,0.387906,-0.044948,0.761882,0.448773,-0.016905,0.694866,0.447484,-0.024404,0.656713,0.452345,-0.035719,0.629551,0.45784,-0.048083,0.770906,0.493037,-0.018501,0.711406,0.496959,-0.028118,0.67573,0.504987,-0.036791,0.653636,0.509689,-0.04566,0.781533,0.538979,-0.020835,0.735448,0.548928,-0.032466,0.708694,0.56179,-0.038167,0.691397,0.567263,-0.043508
1781654954.915173,84,0,Left,0.845479,0.571562,-0.0,0.828923,0.48838,0.001552,0.789325,0.415593,-0.005874,0.7587,0.351869,-0.013352,0.749495,0.295498,-0.023194,0.7636,0.406641,-0.037381,0.697675,0.400553,-0.053221,0.658123,0.404734,-0.06037,0.626254,0.406886,-0.066755,0.763157,0.44891,-0.045422,0.691928,0.499259,-0.061367,0.68834,0.533179,-0.059562,0.694876,0.544133,-0.059491,0.766666,0.505769,-0.051726,0.698881,0.550255,-0.064725,0.690366,0.579104,-0.058151,0.692146,0.591682,-0.055028,0.772203,0.563393,-0.057458,0.717556,0.595878,-0.070041,0.687709,0.614352,-0.071904,0.664515,0.624131,-0.0736
1781654955.0169883,85,0,Left,0.83279,0.572998,-0.0,0.817807,0.487609,0.003247,0.784861,0.412323,-0.005633,0.76024,0.34749,-0.01451,0.754465,0.285673,-0.025224,0.752427,0.404262,-0.038042,0.686167,0.40655,-0.054943,0.647416,0.414397,-0.066282,0.616719,0.424903,-0.077148,0.751978,0.448293,-0.046837,0.686427,0.515162,-0.06052,0.709677,0.534304,-0.055696,0.731203,0.522516,-0.056337,0.755484,0.509871,-0.05413,0.698063,0.566157,-0.063702,0.716513,0.578065,-0.050158,0.736631,0.569673,-0.045193,0.76079,0.573997,-0.061234,0.703717,0.598063,-0.075458,0.674232,0.620012,-0.07574,0.648083,0.633,-0.077644
1781654955.116873,86,0,Left,0.833748,0.562723,-0.0,0.809782,0.476826,0.004002,0.765154,0.411351,-0.000665,0.733305,0.357025,-0.00571,0.724396,0.298677,-0.012908,0.734176,0.420333,-0.028612,0.668882,0.451239,-0.04002,0.631584,0.470159,-0.049376,0.602471,0.483738,-0.05892,0.735213,0.4694,-0.036236,0.683727,0.532114,-0.044829,0.708164,0.538803,-0.042511,0.73046,0.525279,-0.045233,0.741823,0.529983,-0.042121,0.695212,0.581687,-0.048978,0.714596,0.585059,-0.040724,0.735471,0.576155,-0.039444,0.750903,0.591335,-0.047455,0.698157,0.625034,-0.058747,0.671896,0.649745,-0.059702,0.647694,0.669391,-0.062242
1781654955.2235518,87,0,Left,0.86658,0.575089,-0.0,0.844499,0.488236,0.007207,0.802724,0.42302,0.002851,0.771282,0.360195,-0.002677,0.75364,0.306519,-0.010947,0.771981,0.420569,-0.020802,0.708497,0.426992,-0.030691,0.674231,0.439812,-0.035827,0.6473,0.449715,-0.04023,0.770532,0.467624,-0.030855,0.708968,0.494452,-0.040172,0.690369,0.515526,-0.043007,0.679974,0.526235,-0.045999,0.773836,0.524612,-0.039112,0.714866,0.545314,-0.047291,0.680827,0.559996,-0.050378,0.654396,0.567407,-0.054464,0.780929,0.581134,-0.04568,0.732816,0.61211,-0.053083,0.707362,0.633539,-0.054486,0.685927,0.648805,-0.056
1781654955.2235518,87,1,Left,0.879892,0.569643,-0.0,0.851293,0.492579,-0.00176,0.807535,0.41268,-0.00281,0.780546,0.350687,-0.004319,0.762292,0.300111,-0.009566,0.800276,0.415491,-0.014584,0.73787,0.416974,-0.02192,0.703177,0.4249,-0.028809,0.677516,0.423923,-0.036006,0.803936,0.454483,-0.021503,0.745847,0.464824,-0.028954,0.708632,0.477388,-0.040404,0.680158,0.486033,-0.052694,0.808041,0.503647,-0.027301,0.75699,0.515658,-0.03539,0.719823,0.531674,-0.044162,0.69337,0.537713,-0.054042,0.813624,0.555373,-0.032711,0.774364,0.57815,-0.043809,0.747089,0.599621,-0.049216,0.727085,0.607775,-0.054525
1781654955.313657,88,0,Left,0.879612,0.614273,-0.0,0.871338,0.522788,0.006051,0.843884,0.448478,0.002084,0.819116,0.382821,-0.003434,0.802749,0.330569,-0.011236,0.799183,0.44047,-0.014575,0.739983,0.421056,-0.024559,0.708809,0.422266,-0.030794,0.6842,0.42669,-0.034853,0.792793,0.476964,-0.024293,0.727137,0.455982,-0.031105,0.690743,0.453593,-0.035885,0.662531,0.454677,-0.040433,0.791294,0.525067,-0.032602,0.730404,0.510183,-0.037543,0.696035,0.505138,-0.040616,0.669753,0.500564,-0.044307,0.793804,0.579536,-0.039922,0.746481,0.572658,-0.044367,0.721029,0.567894,-0.044694,0.699902,0.56169,-0.045217
1781654955.4155142,89,0,Left,0.882303,0.658995,-0.0,0.884226,0.566005,0.011628,0.864632,0.483594,0.012647,0.84966,0.413254,0.010378,0.845711,0.362001,0.006205,0.820144,0.452967,0.00212,0.769951,0.422311,-0.001888,0.742583,0.417901,-0.005669,0.721477,0.416399,-0.009215,0.808136,0.485336,-0.00941,0.750797,0.45557,-0.012286,0.718898,0.445855,-0.016324,0.693888,0.441249,-0.020755,0.799994,0.530923,-0.019902,0.744032,0.506076,-0.023075,0.713422,0.497561,-0.026013,0.688561,0.491997,-0.029592,0.796134,0.583255,-0.029203,0.749985,0.567141,-0.03338,0.724232,0.561222,-0.034595,0.701272,0.555106,-0.03577
1781654955.5226395,90,0,Left,0.885466,0.672068,-0.0,0.887544,0.583432,0.006511,0.868187,0.504192,0.004191,0.855174,0.434588,-0.00031,0.85763,0.381748,-0.006983,0.831042,0.473805,-0.009258,0.783791,0.43715,-0.017906,0.755127,0.426126,-0.024336,0.732694,0.421348,-0.029542,0.816858,0.509027,-0.019239,0.76049,0.475389,-0.02635,0.726885,0.462783,-0.031686,0.699565,0.454389,-0.036967,0.806606,0.555537,-0.028213,0.752617,0.524171,-0.035254,0.720259,0.51279,-0.039864,0.692762,0.503218,-0.044636,0.800978,0.608266,-0.036174,0.755158,0.598087,-0.04448,0.728693,0.597941,-0.047859,0.704474,0.594199,-0.050345
1781654955.5226395,90,1,Right,0.341413,0.678812,0.0,0.331261,0.560642,-0.006738,0.34625,0.47101,-0.015764,0.365838,0.394688,-0.023412,0.370147,0.333567,-0.032068,0.433429,0.486078,-0.021284,0.493172,0.428656,-0.028616,0.53014,0.394758,-0.033576,0.558996,0.371657,-0.036859,0.456306,0.543267,-0.02193,0.520707,0.488645,-0.02553,0.560656,0.454058,-0.030135,0.591186,0.431647,-0.034348,0.465396,0.602286,-0.021848,0.527423,0.562922,-0.025606,0.566776,0.541458,-0.034385,0.595262,0.524331,-0.041525,0.465024,0.655156,-0.021369,0.512521,0.649494,-0.024798,0.544223,0.64899,-0.028618,0.57114,0.647813,-0.031293
1781654955.613249,91,0,Left,0.887002,0.666821,-0.0,0.886292,0.57745,0.008905,0.865101,0.501426,0.006711,0.8501,0.435308,0.002436,0.850885,0.383055,-0.004702,0.830405,0.476169,-0.012452,0.777138,0.446853,-0.021069,0.746194,0.437935,-0.027,0.722594,0.432891,-0.031992,0.8203,0.515255,-0.023542,0.758658,0.490977,-0.030916,0.722546,0.481792,-0.035762,0.695142,0.475513,-0.040997,0.813216,0.56536,-0.032969,0.754224,0.542673,-0.03971,0.719778,0.532112,-0.043646,0.692123,0.522283,-0.048387,0.810218,0.620184,-0.040977,0.759623,0.61651,-0.049537,0.732371,0.617804,-0.052692,0.708387,0.613608,-0.055161
1781654955.613249,91,1,Right,0.346411,0.67521,0.0,0.333174,0.552261,0.000608,0.351132,0.453909,-0.000261,0.373273,0.377913,-0.000293,0.376768,0.321899,-0.001202,0.439921,0.468955,-0.008504,0.499633,0.414477,-0.011142,0.535425,0.383143,-0.013249,0.562611,0.361325,-0.014377,0.463688,0.526189,-0.011408,0.53056,0.475152,-0.009818,0.569853,0.441034,-0.010997,0.598414,0.419468,-0.01301,0.474963,0.585254,-0.013571,0.537576,0.550427,-0.013301,0.576159,0.526714,-0.019131,0.604942,0.508799,-0.024911,0.4754,0.638679,-0.015015,0.523064,0.637398,-0.016538,0.552428,0.636872,-0.018339,0.577438,0.635344,-0.019729
1781654955.7128835,92,0,Left,0.885262,0.661316,-0.0,0.884265,0.571869,0.00684,0.862287,0.496678,0.003695,0.84584,0.42827,-0.000938,0.846084,0.37395,-0.008366,0.827175,0.473288,-0.016603,0.773008,0.441683,-0.0256,0.74057,0.429752,-0.031184,0.714594,0.421736,-0.035982,0.816689,0.513373,-0.026617,0.754808,0.488896,-0.035007,0.717353,0.479324,-0.040068,0.688899,0.472879,-0.045318,0.809743,0.564172,-0.034831,0.750948,0.542316,-0.042085,0.715449,0.533536,-0.046364,0.687727,0.525889,-0.051272,0.807319,0.618967,-0.041743,0.757681,0.617263,-0.050743,0.730105,0.620195,-0.054429,0.706263,0.617388,-0.057131
1781654955.7128835,92,1,Right,0.341897,0.678113,0.0,0.330199,0.551879,0.005353,0.349594,0.451671,0.008187,0.371434,0.375082,0.011385,0.376558,0.317806,0.013779,0.436824,0.468917,-0.002528,0.497914,0.412177,-0.003115,0.533949,0.38015,-0.002798,0.561636,0.358316,-0.001972,0.461582,0.524499,-0.006287,0.530977,0.472127,-0.004563,0.571936,0.438203,-0.004123,0.600576,0.417795,-0.004186,0.472972,0.5839,-0.008987,0.53773,0.546462,-0.00825,0.578206,0.525749,-0.01236,0.607867,0.510675,-0.016122,0.472769,0.637844,-0.01046,0.522413,0.631193,-0.011612,0.553077,0.630411,-0.012548,0.578003,0.629781,-0.012737
1781654955.8127503,93,0,Left,0.881482,0.651334,-0.0,0.879737,0.560954,0.006682,0.856978,0.486956,0.003659,0.839254,0.418757,-0.000748,0.83859,0.365527,-0.007829,0.820788,0.467588,-0.017043,0.765769,0.436062,-0.025409,0.733433,0.424438,-0.030143,0.707663,0.416425,-0.034385,0.810353,0.507779,-0.026761,0.746681,0.484385,-0.03476,0.709514,0.474583,-0.039567,0.681432,0.467579,-0.044614,0.803816,0.558292,-0.034524,0.743279,0.538364,-0.041701,0.707808,0.529734,-0.046123,0.680121,0.522016,-0.051137,0.802168,0.612283,-0.040948,0.752277,0.613892,-0.050199,0.724559,0.618546,-0.054137,0.700633,0.617538,-0.05696
1781654955.8127503,93,1,Right,0.334913,0.692089,0.0,0.326746,0.568903,0.003073,0.347368,0.464106,0.001896,0.368281,0.384326,0.001018,0.375697,0.324733,-0.000584,0.435081,0.475644,-0.00906,0.500025,0.423185,-0.013036,0.538022,0.392702,-0.015212,0.566904,0.370615,-0.016243,0.457891,0.53423,-0.014491,0.531934,0.488176,-0.013924,0.573868,0.459859,-0.013496,0.604322,0.442976,-0.01415,0.468381,0.596893,-0.019077,0.536529,0.563463,-0.01839,0.57807,0.544898,-0.020662,0.60815,0.531285,-0.023965,0.467801,0.654588,-0.022979,0.519515,0.645682,-0.023713,0.55165,0.643522,-0.023035,0.577877,0.641634,-0.022592
1781654955.9108806,94,0,Left,0.875307,0.640486,0.0,0.872937,0.553446,0.003232,0.849812,0.479638,-0.001251,0.832295,0.413123,-0.006716,0.830564,0.361539,-0.014531,0.813297,0.4613,-0.02141,0.759532,0.421908,-0.03147,0.726658,0.403731,-0.036906,0.699085,0.391648,-0.041418,0.801038,0.502613,-0.029649,0.738293,0.479143,-0.039274,0.700703,0.472123,-0.044177,0.671984,0.467221,-0.048873,0.793265,0.552863,-0.036154,0.733868,0.534451,-0.044026,0.699099,0.528708,-0.047743,0.672301,0.524343,-0.051923,0.790561,0.605468,-0.041788,0.74318,0.606938,-0.050635,0.715367,0.610921,-0.054051,0.691688,0.609969,-0.05624
1781654955.9108806,94,1,Right,0.33167,0.696661,0.0,0.329988,0.573283,0.00218,0.351125,0.472629,-0.002469,0.372343,0.394646,-0.007359,0.380962,0.333008,-0.013092,0.436754,0.490439,-0.015047,0.506256,0.43548,-0.022583,0.546214,0.406793,-0.027116,0.576498,0.386023,-0.02936,0.456957,0.548885,-0.021428,0.534351,0.505795,-0.021598,0.574823,0.482809,-0.020954,0.603266,0.469769,-0.021945,0.464817,0.613189,-0.026803,0.535023,0.588109,-0.025534,0.573627,0.582095,-0.024821,0.599264,0.578664,-0.026637,0.462498,0.674636,-0.031789,0.516571,0.670058,-0.031524,0.547175,0.672335,-0.028096,0.571572,0.673548,-0.025752
1781654956.011147,95,0,Left,0.865531,0.627426,0.0,0.856359,0.53829,0.003922,0.829321,0.461448,-0.000945,0.80999,0.389477,-0.006726,0.803171,0.337089,-0.015562,0.798493,0.447181,-0.026286,0.747875,0.405255,-0.037571,0.71587,0.385366,-0.043354,0.688145,0.371862,-0.04827,0.790111,0.491361,-0.035527,0.721741,0.490789,-0.047541,0.684219,0.498573,-0.053275,0.656254,0.504923,-0.058535,0.785414,0.545915,-0.042568,0.719226,0.552047,-0.052866,0.679871,0.560058,-0.056968,0.649357,0.566743,-0.061183,0.784999,0.602601,-0.048308,0.730818,0.619683,-0.058108,0.702878,0.631762,-0.060967,0.680212,0.637868,-0.062683
1781654956.011147,95,1,Right,0.327496,0.67581,0.0,0.33781,0.556984,0.007838,0.367093,0.462951,0.006223,0.388804,0.38709,0.00255,0.395377,0.32689,-0.002279,0.440437,0.484911,-0.007239,0.51238,0.468758,-0.013395,0.55203,0.465059,-0.017381,0.57943,0.466013,-0.019668,0.459025,0.543451,-0.017229,0.538763,0.517449,-0.017044,0.58159,0.501432,-0.018383,0.611816,0.491376,-0.021172,0.466959,0.610182,-0.025984,0.543544,0.595449,-0.026549,0.581234,0.596988,-0.029046,0.607123,0.595399,-0.033291,0.464493,0.677395,-0.03376,0.51573,0.704144,-0.037345,0.546015,0.718303,-0.03805,0.570527,0.726004,-0.038505
1781654956.1112816,96,0,Left,0.856477,0.597964,-0.0,0.838631,0.509839,0.007513,0.801717,0.445224,0.003006,0.774078,0.38551,-0.002908,0.764207,0.334393,-0.01192,0.773879,0.442525,-0.024754,0.710637,0.446495,-0.037335,0.676861,0.458623,-0.0442,0.65174,0.468102,-0.049358,0.773962,0.488865,-0.036159,0.703593,0.49127,-0.04757,0.665519,0.494443,-0.052982,0.637859,0.498353,-0.058674,0.776947,0.546046,-0.045096,0.709219,0.571279,-0.055913,0.672089,0.591029,-0.058657,0.644465,0.605146,-0.062163,0.782823,0.605628,-0.052367,0.730673,0.640033,-0.061861,0.70544,0.663464,-0.0628,0.685473,0.679128,-0.06384
1781654956.1112816,96,1,Right,0.310107,0.65579,0.0,0.328955,0.542392,0.002052,0.364836,0.455661,-0.002048,0.394573,0.388874,-0.006403,0.411275,0.331315,-0.011591,0.437483,0.490248,-0.01545,0.51422,0.477666,-0.023996,0.557248,0.476422,-0.028271,0.587099,0.480282,-0.029929,0.44857,0.551682,-0.021873,0.532218,0.557127,-0.022189,0.575706,0.561165,-0.020714,0.605386,0.566971,-0.020956,0.449106,0.618266,-0.027621,0.523001,0.62649,-0.026821,0.56583,0.63173,-0.026733,0.59475,0.6349,-0.029283,0.439915,0.680923,-0.032996,0.485444,0.713529,-0.032879,0.51534,0.728217,-0.030739,0.538577,0.737943,-0.029491
1781654956.2102199,97,0,Left,0.860551,0.570669,-0.0,0.83849,0.49529,0.005726,0.799729,0.43112,-0.001449,0.770802,0.374671,-0.010072,0.761479,0.320432,-0.0209,0.772237,0.422717,-0.030659,0.706661,0.425693,-0.043561,0.668882,0.441336,-0.046829,0.64197,0.453787,-0.049805,0.772786,0.464432,-0.042533,0.698137,0.490254,-0.057236,0.699082,0.520294,-0.05433,0.712275,0.534085,-0.05193,0.778263,0.520516,-0.052317,0.712079,0.558219,-0.065131,0.722313,0.578901,-0.056403,0.740067,0.581157,-0.050719,0.786268,0.579022,-0.061117,0.729028,0.623179,-0.072645,0.704523,0.652009,-0.07179,0.685538,0.66896,-0.07147
1781654956.2102199,97,1,Right,0.28359,0.630226,0.0,0.307948,0.527195,0.008356,0.350819,0.44975,0.004434,0.387091,0.389603,-0.000951,0.410877,0.339001,-0.006908,0.411573,0.476468,-0.019533,0.492115,0.456273,-0.03366,0.539949,0.462176,-0.039492,0.572341,0.473969,-0.040205,0.41775,0.534064,-0.026682,0.502663,0.558048,-0.032159,0.533183,0.58183,-0.026651,0.547272,0.594714,-0.021062,0.416668,0.602532,-0.032128,0.488869,0.626683,-0.031459,0.518114,0.637754,-0.022406,0.530826,0.637861,-0.016206,0.407716,0.665506,-0.036864,0.458904,0.704965,-0.034053,0.486514,0.723999,-0.026153,0.505937,0.734547,-0.018758
1781654956.3102732,98,0,Left,0.855658,0.57053,-0.0,0.833705,0.486619,0.006314,0.79509,0.419769,0.00042,0.768922,0.359339,-0.005408,0.76035,0.305459,-0.01336,0.769987,0.419596,-0.034452,0.704296,0.425339,-0.048835,0.666153,0.433988,-0.055865,0.635807,0.441104,-0.062783,0.771047,0.467647,-0.044611,0.697664,0.500396,-0.059304,0.716258,0.522497,-0.055052,0.738712,0.517663,-0.052775,0.775901,0.52787,-0.052397,0.708194,0.558764,-0.062617,0.723796,0.574281,-0.049304,0.744759,0.568108,-0.041784,0.782612,0.589005,-0.059371,0.72236,0.619234,-0.071134,0.693395,0.638536,-0.07,0.669525,0.64782,-0.069932
1781654956.3102732,98,1,Right,0.264966,0.635418,-0.0,0.28478,0.525566,0.007748,0.331688,0.446116,0.004684,0.37568,0.390873,0.000456,0.39996,0.342487,-0.003837,0.386059,0.462727,-0.024853,0.468027,0.44417,-0.040386,0.514434,0.447446,-0.045231,0.549442,0.454779,-0.045982,0.396285,0.528271,-0.030532,0.470384,0.553572,-0.044347,0.447318,0.556944,-0.034788,0.417223,0.549409,-0.023517,0.396135,0.59841,-0.03382,0.450731,0.621919,-0.040883,0.432401,0.626303,-0.024782,0.407697,0.623805,-0.010266,0.388179,0.660971,-0.036036,0.437,0.689134,-0.035342,0.44394,0.699799,-0.023186,0.443147,0.700918,-0.011547
1781654956.4100242,99,0,Left,0.840158,0.581869,-0.0,0.81998,0.50326,0.00278,0.778359,0.436506,-0.00436,0.747007,0.375749,-0.011713,0.738107,0.314894,-0.020923,0.745347,0.438504,-0.029491,0.68248,0.458596,-0.039069,0.649751,0.467033,-0.045431,0.62286,0.473706,-0.05317,0.74478,0.487201,-0.037858,0.688163,0.553498,-0.047599,0.71145,0.56405,-0.043434,0.731953,0.551927,-0.043876,0.74904,0.550116,-0.044595,0.69525,0.605862,-0.051645,0.714301,0.612694,-0.040193,0.734864,0.602568,-0.036323,0.755571,0.614079,-0.051138,0.698548,0.648963,-0.062637,0.66887,0.674602,-0.063234,0.641126,0.691465,-0.065451
1781654956.4100242,99,1,Right,0.264209,0.630276,0.0,0.286079,0.518493,0.010623,0.332903,0.441315,0.008373,0.375742,0.391435,0.005596,0.402323,0.340513,0.001683,0.396372,0.465507,-0.025553,0.477334,0.47938,-0.034122,0.522855,0.485422,-0.035981,0.552226,0.490958,-0.035942,0.4019,0.531357,-0.032586,0.485291,0.585141,-0.03293,0.496036,0.615658,-0.022649,0.490147,0.629946,-0.016207,0.396833,0.603106,-0.036421,0.467883,0.643242,-0.034561,0.478104,0.659492,-0.024622,0.471193,0.662669,-0.019951,0.385335,0.668412,-0.038382,0.422621,0.685372,-0.032609,0.417972,0.682278,-0.021773,0.40465,0.6715,-0.014812
1781654956.5093253,100,0,Left,0.840607,0.567751,-0.0,0.818573,0.492458,-0.001122,0.775657,0.430627,-0.010485,0.744387,0.375668,-0.019674,0.733951,0.317138,-0.030949,0.743718,0.441215,-0.0355,0.676985,0.462005,-0.048307,0.637162,0.475286,-0.053594,0.605705,0.48498,-0.059085,0.744924,0.490098,-0.041768,0.695176,0.557983,-0.056432,0.702723,0.568781,-0.053696,0.712974,0.558534,-0.053083,0.752326,0.548277,-0.046792,0.699427,0.599989,-0.060528,0.690853,0.61554,-0.053642,0.687373,0.616531,-0.050198,0.762312,0.603361,-0.05125,0.709193,0.641516,-0.064869,0.6818,0.6688,-0.06529,0.657598,0.689098,-0.065542
1781654956.5093253,100,1,Right,0.24424,0.603602,0.0,0.279207,0.512716,0.00372,0.32656,0.445383,7e-06,0.369034,0.397491,-0.004089,0.395631,0.351303,-0.009254,0.378918,0.485447,-0.022097,0.4571,0.515522,-0.032089,0.495322,0.542965,-0.035363,0.520319,0.568172,-0.035918,0.378148,0.547188,-0.029378,0.46412,0.587224,-0.03442,0.506658,0.614036,-0.03423,0.535219,0.637496,-0.035168,0.369872,0.609975,-0.035014,0.443475,0.666465,-0.038784,0.481388,0.697819,-0.039667,0.507204,0.719,-0.041927,0.354464,0.665381,-0.039557,0.398453,0.717088,-0.041243,0.420119,0.742029,-0.038752,0.435767,0.758477,-0.037162
1781654956.609416,101,0,Left,0.849887,0.568085,-0.0,0.830448,0.477647,0.003623,0.794801,0.408184,-0.004541,0.767709,0.346458,-0.013184,0.756097,0.290032,-0.024863,0.757276,0.412877,-0.029682,0.693358,0.420931,-0.042607,0.656672,0.440729,-0.048677,0.62981,0.456808,-0.053334,0.757538,0.460695,-0.039015,0.691776,0.494,-0.050891,0.668583,0.518432,-0.054461,0.654527,0.532947,-0.058089,0.762227,0.520116,-0.046398,0.697024,0.543165,-0.057211,0.661924,0.561336,-0.061397,0.634559,0.572596,-0.065851,0.769453,0.579265,-0.052096,0.718572,0.615743,-0.062248,0.69251,0.638207,-0.065281,0.670146,0.653752,-0.067688
1781654956.609416,101,1,Right,0.231313,0.600078,0.0,0.256145,0.500104,0.007867,0.298283,0.426049,0.004979,0.337993,0.374959,-0.000767,0.367083,0.333586,-0.005716,0.356419,0.447607,-0.009013,0.425985,0.468086,-0.015068,0.447899,0.504066,-0.015261,0.454838,0.531068,-0.013082,0.362213,0.510454,-0.017667,0.438874,0.523367,-0.017703,0.452774,0.544168,-0.011971,0.449744,0.557606,-0.008047,0.357996,0.574163,-0.024743,0.417344,0.598207,-0.022571,0.407626,0.607778,-0.012188,0.386287,0.604527,-0.005323,0.348867,0.635051,-0.031428,0.395378,0.658689,-0.025827,0.390682,0.663539,-0.014207,0.375305,0.658862,-0.00504
1781654956.7095914,102,0,Left,0.835337,0.571429,-0.0,0.819252,0.482395,0.006826,0.787725,0.410417,0.001843,0.762066,0.345734,-0.004364,0.754064,0.289999,-0.012195,0.747545,0.415396,-0.02291,0.679546,0.41252,-0.030124,0.655008,0.441477,-0.029827,0.649445,0.466669,-0.028887,0.743548,0.466911,-0.031922,0.674874,0.472996,-0.038712,0.654399,0.497637,-0.03678,0.651636,0.517838,-0.035736,0.742947,0.527783,-0.038936,0.684226,0.542741,-0.041707,0.659227,0.558307,-0.039054,0.647492,0.569528,-0.039492,0.746192,0.58919,-0.044805,0.697057,0.628424,-0.048048,0.670153,0.653262,-0.047751,0.64944,0.669112,-0.048253
1781654956.7095914,102,1,Right,0.24028,0.625704,-0.0,0.252058,0.513213,0.013165,0.28654,0.430835,0.013305,0.326588,0.375841,0.012054,0.349656,0.330561,0.013526,0.347904,0.43321,-0.015497,0.42214,0.435868,-0.013805,0.415084,0.471004,-0.000871,0.397498,0.482104,0.010064,0.359506,0.498398,-0.02408,0.429649,0.508154,-0.020288,0.414477,0.535599,-0.007022,0.393199,0.541682,0.00165,0.361064,0.565894,-0.029596,0.413439,0.578662,-0.024811,0.397692,0.600044,-0.011441,0.378483,0.604493,-0.004146,0.357601,0.629223,-0.033343,0.409338,0.643369,-0.030535,0.438723,0.654459,-0.024616,0.464658,0.654061,-0.020721
1781654956.808171,103,0,Left,0.827774,0.584734,-0.0,0.805696,0.499419,0.001896,0.763592,0.430251,-0.007828,0.731854,0.366196,-0.016943,0.722805,0.303621,-0.027705,0.731351,0.439237,-0.040548,0.657123,0.447494,-0.055445,0.616759,0.466879,-0.060827,0.587782,0.485315,-0.066335,0.730279,0.495599,-0.050111,0.650075,0.527791,-0.067191,0.671163,0.545517,-0.062343,0.697063,0.542212,-0.059071,0.734311,0.561423,-0.057552,0.662771,0.596412,-0.069887,0.680265,0.60524,-0.056423,0.703403,0.59925,-0.048706,0.740229,0.624947,-0.064469,0.677392,0.66164,-0.078742,0.646038,0.684014,-0.079405,0.618592,0.698609,-0.080615
1781654956.808171,103,1,Right,0.252427,0.659077,-0.0,0.25676,0.539305,0.001879,0.292781,0.450265,0.000289,0.329192,0.392992,-0.001542,0.350877,0.336749,-0.00365,0.36085,0.44748,-0.016696,0.431873,0.429953,-0.018513,0.475057,0.433835,-0.01614,0.508081,0.440857,-0.014592,0.379546,0.511299,-0.019217,0.403518,0.53121,-0.021364,0.375671,0.540079,-0.016259,0.351907,0.541547,-0.013244,0.383399,0.582229,-0.01993,0.400359,0.59486,-0.027684,0.37454,0.602084,-0.022612,0.353219,0.601217,-0.018168,0.381825,0.646751,-0.019107,0.428726,0.653874,-0.026558,0.455151,0.666692,-0.024613,0.477815,0.672804,-0.021024
1781654956.9083326,104,0,Left,0.844531,0.575873,-0.0,0.822432,0.490822,0.004157,0.775741,0.423214,-0.002251,0.740766,0.364942,-0.008657,0.729844,0.30335,-0.017272,0.748954,0.43152,-0.036612,0.677029,0.449525,-0.048669,0.636467,0.465068,-0.054808,0.603607,0.47834,-0.062284,0.747775,0.482957,-0.045389,0.687844,0.524246,-0.056824,0.710899,0.533369,-0.052427,0.732085,0.523742,-0.052374,0.753398,0.544433,-0.051802,0.698524,0.576118,-0.059097,0.718184,0.58301,-0.04592,0.739023,0.57749,-0.040792,0.760253,0.605758,-0.057822,0.699952,0.630949,-0.068449,0.671158,0.653248,-0.06778,0.645695,0.670506,-0.069386
1781654956.9083326,104,1,Right,0.235427,0.646327,-0.0,0.248266,0.530825,0.002269,0.287302,0.452912,0.000488,0.326615,0.396834,-0.000879,0.35382,0.346646,-0.002919,0.348176,0.471063,-0.022993,0.425625,0.465988,-0.02716,0.471176,0.467058,-0.02562,0.504924,0.468272,-0.024733,0.364548,0.545305,-0.024204,0.400212,0.542616,-0.028998,0.376115,0.540444,-0.022881,0.35071,0.541264,-0.018866,0.367379,0.617299,-0.023111,0.396528,0.61248,-0.029848,0.37754,0.614245,-0.021514,0.355903,0.615256,-0.015221,0.363711,0.677387,-0.020632,0.415372,0.683348,-0.030447,0.443524,0.699192,-0.030251,0.465594,0.709669,-0.027289
1781654957.0078404,105,0,Left,0.850608,0.573457,-0.0,0.835055,0.486904,0.003873,0.790986,0.41551,-0.003035,0.758873,0.345514,-0.009669,0.749197,0.282531,-0.017871,0.76493,0.408416,-0.037947,0.694371,0.417804,-0.052373,0.653468,0.42562,-0.062085,0.619526,0.436127,-0.072683,0.762576,0.462689,-0.046454,0.698414,0.511279,-0.060018,0.727574,0.523353,-0.055421,0.749803,0.510951,-0.055207,0.765288,0.52809,-0.052883,0.704545,0.561624,-0.061056,0.727647,0.569341,-0.045563,0.752289,0.560904,-0.038779,0.768156,0.59281,-0.059286,0.70999,0.611831,-0.072761,0.680581,0.631517,-0.073668,0.652895,0.642339,-0.075915
1781654957.0078404,105,1,Right,0.223589,0.635892,0.0,0.241068,0.52527,0.003846,0.281705,0.449004,-0.001016,0.322722,0.39665,-0.006669,0.347426,0.345496,-0.013519,0.341622,0.473575,-0.021487,0.419242,0.484783,-0.030167,0.462855,0.501089,-0.031789,0.495163,0.513904,-0.032743,0.349904,0.534401,-0.029381,0.419144,0.540734,-0.034905,0.442065,0.547436,-0.032236,0.455668,0.552408,-0.031791,0.348775,0.60353,-0.036311,0.417793,0.599941,-0.044882,0.4561,0.602604,-0.046796,0.484106,0.605173,-0.049847,0.341987,0.672162,-0.041784,0.39922,0.696859,-0.052671,0.435238,0.720612,-0.05672,0.466172,0.739492,-0.059411
1781654957.107525,106,0,Left,0.83902,0.57599,0.0,0.812833,0.499777,0.004185,0.76301,0.461873,-0.00343,0.715374,0.474466,-0.010885,0.684008,0.495889,-0.021026,0.748848,0.416749,-0.038281,0.677826,0.420049,-0.052579,0.638059,0.428061,-0.059125,0.606243,0.433772,-0.064665,0.752917,0.467616,-0.05016,0.680081,0.460275,-0.06485,0.638646,0.452546,-0.073174,0.603763,0.447692,-0.080905,0.757541,0.529924,-0.058837,0.686892,0.548844,-0.074479,0.64565,0.564294,-0.083697,0.61226,0.576123,-0.091183,0.762463,0.595918,-0.065183,0.706746,0.63363,-0.080682,0.678924,0.661313,-0.08637,0.655252,0.683746,-0.090381
1781654957.107525,106,1,Right,0.24359,0.638608,1e-06,0.255257,0.53128,0.002111,0.290155,0.45764,-0.002473,0.329955,0.414568,-0.006969,0.355278,0.392922,-0.011949,0.353609,0.448483,-0.020429,0.427519,0.457215,-0.032431,0.470217,0.474971,-0.039218,0.50094,0.494181,-0.041809,0.365821,0.509081,-0.026193,0.442369,0.511108,-0.031941,0.488061,0.517812,-0.034673,0.522378,0.528802,-0.037122,0.369745,0.574805,-0.030729,0.432787,0.587866,-0.034164,0.47539,0.603898,-0.03662,0.504384,0.621956,-0.03906,0.367011,0.636769,-0.034884,0.415863,0.662468,-0.035662,0.44702,0.678866,-0.034395,0.471835,0.693886,-0.032935
1781654957.2077518,107,0,Left,0.835433,0.578357,0.0,0.805297,0.49532,0.009767,0.754396,0.476278,0.00185,0.70901,0.504737,-0.006923,0.679065,0.534436,-0.017913,0.744715,0.414212,-0.039311,0.675543,0.417852,-0.055702,0.639357,0.433817,-0.06273,0.613705,0.445304,-0.068641,0.745685,0.464753,-0.054434,0.672455,0.447208,-0.076915,0.627935,0.435084,-0.088354,0.591184,0.426346,-0.097072,0.748599,0.528666,-0.065494,0.685181,0.543853,-0.086372,0.649447,0.542348,-0.096385,0.619991,0.536598,-0.103406,0.753133,0.593709,-0.073439,0.699969,0.634562,-0.091816,0.672418,0.660739,-0.097982,0.647761,0.679694,-0.10218
1781654957.2077518,107,1,Right,0.241604,0.646394,0.0,0.267135,0.540957,0.032857,0.306621,0.474614,0.04167,0.347774,0.467887,0.04468,0.374757,0.496911,0.046312,0.322326,0.43501,-0.002291,0.393346,0.42548,-0.00357,0.417631,0.460365,0.004166,0.430488,0.498007,0.009627,0.340179,0.482118,-0.023875,0.415547,0.411477,-0.032501,0.462592,0.380735,-0.034981,0.499722,0.360876,-0.035578,0.352058,0.547906,-0.040404,0.421926,0.481903,-0.052806,0.470084,0.457968,-0.061801,0.50662,0.438903,-0.066577,0.358457,0.622923,-0.052034,0.416543,0.619968,-0.059877,0.450481,0.623415,-0.061623,0.480791,0.626693,-0.061914
1781654957.3070712,108,0,Left,0.824251,0.573126,0.0,0.790141,0.497909,0.001537,0.733582,0.479875,-0.010705,0.6846,0.507527,-0.022789,0.653924,0.54295,-0.038003,0.726476,0.434861,-0.045887,0.655265,0.423871,-0.067437,0.612566,0.428023,-0.079083,0.577996,0.434353,-0.086809,0.730446,0.477869,-0.058955,0.652154,0.471055,-0.079282,0.603123,0.481794,-0.089723,0.565299,0.497583,-0.097852,0.736292,0.539919,-0.068871,0.6566,0.576959,-0.087948,0.613254,0.607691,-0.096668,0.581837,0.6321,-0.102953,0.742449,0.610568,-0.076702,0.683228,0.665338,-0.092796,0.65369,0.699726,-0.097104,0.63107,0.726367,-0.099672
1781654957.3070712,108,1,Right,0.242168,0.671814,0.0,0.270323,0.564726,0.020287,0.313215,0.507616,0.02056,0.354982,0.501972,0.01575,0.385212,0.531553,0.008542,0.33517,0.463748,-0.009468,0.402684,0.422843,-0.022674,0.443268,0.424306,-0.029502,0.472835,0.438131,-0.033428,0.35061,0.511684,-0.028888,0.426254,0.457381,-0.03961,0.472985,0.43789,-0.045794,0.506904,0.429946,-0.04988,0.359122,0.577451,-0.04564,0.430801,0.54571,-0.056778,0.47458,0.535467,-0.063867,0.505233,0.528631,-0.06879,0.361359,0.651879,-0.059918,0.41854,0.661013,-0.07011,0.452073,0.664732,-0.072842,0.479428,0.666683,-0.073682
1781654957.4066758,109,0,Left,0.821018,0.588614,0.0,0.786886,0.508773,0.004832,0.730051,0.491045,-0.003419,0.681315,0.520768,-0.012244,0.649162,0.553859,-0.024223,0.717626,0.442855,-0.039448,0.647181,0.4392,-0.056734,0.605411,0.441906,-0.065596,0.571027,0.4446,-0.0724,0.725575,0.495837,-0.051763,0.649092,0.514624,-0.068571,0.603443,0.526967,-0.077026,0.568999,0.538615,-0.085094,0.735053,0.557941,-0.060975,0.661491,0.596217,-0.076099,0.621051,0.619636,-0.083476,0.592317,0.638497,-0.090148,0.744923,0.619909,-0.068346,0.691469,0.671732,-0.083692,0.662316,0.703604,-0.090246,0.639939,0.728313,-0.094872
1781654957.4066758,109,1,Right,0.242996,0.686711,0.0,0.270016,0.583602,0.009978,0.318786,0.527408,0.004632,0.36669,0.530054,-0.002481,0.399684,0.55309,-0.010292,0.341377,0.488083,-0.027514,0.413152,0.43996,-0.040432,0.454154,0.418288,-0.045553,0.484761,0.403155,-0.048046,0.350235,0.547159,-0.039842,0.429927,0.505067,-0.048863,0.468427,0.487933,-0.049425,0.495025,0.47738,-0.050009,0.354208,0.619394,-0.048428,0.42721,0.603888,-0.054384,0.434931,0.605633,-0.043198,0.426832,0.607402,-0.03394,0.35371,0.691794,-0.056195,0.418602,0.686732,-0.059105,0.447162,0.685732,-0.048755,0.464291,0.680762,-0.038761
1781654957.5058713,110,0,Left,0.843162,0.582831,-1e-06,0.809441,0.506658,0.008747,0.748784,0.477892,0.0027,0.69513,0.474987,-0.004018,0.660216,0.480435,-0.010862,0.737663,0.443279,-0.045272,0.661561,0.456461,-0.057724,0.667625,0.481489,-0.056597,0.680231,0.485925,-0.057394,0.745501,0.490523,-0.057022,0.670424,0.551019,-0.068764,0.692877,0.569878,-0.060109,0.713997,0.556258,-0.058001,0.7563,0.554681,-0.065669,0.685629,0.611051,-0.07538,0.70565,0.617875,-0.063937,0.727,0.603442,-0.060516,0.767877,0.617891,-0.072629,0.709867,0.667761,-0.089313,0.680084,0.701185,-0.093892,0.655544,0.7258,-0.098672
1781654957.5058713,110,1,Right,0.215618,0.712331,-0.0,0.228416,0.595304,0.015105,0.271487,0.529859,0.014422,0.319265,0.518315,0.012827,0.353638,0.540206,0.009287,0.309735,0.498084,-0.028515,0.389049,0.444741,-0.039551,0.439249,0.417595,-0.045644,0.477736,0.397119,-0.050099,0.330969,0.558681,-0.034919,0.385539,0.555504,-0.036496,0.363367,0.572494,-0.023648,0.338491,0.581169,-0.016436,0.339697,0.628004,-0.037573,0.381769,0.623018,-0.035228,0.365144,0.629453,-0.017494,0.341774,0.636409,-0.007336,0.341638,0.688207,-0.038668,0.398678,0.680829,-0.037552,0.42078,0.676834,-0.027571,0.433505,0.672233,-0.019845
1781654957.6060967,111,0,Left,0.846463,0.583499,-0.0,0.819565,0.507346,0.002951,0.760991,0.456362,-0.001068,0.715715,0.412426,-0.004818,0.697724,0.357062,-0.01017,0.735925,0.463173,-0.036922,0.664396,0.513509,-0.052138,0.628579,0.546199,-0.06069,0.602154,0.570971,-0.06868,0.743241,0.514043,-0.044233,0.685118,0.602875,-0.056184,0.706977,0.603865,-0.051667,0.727614,0.579877,-0.052468,0.754604,0.574658,-0.049843,0.701256,0.645999,-0.05968,0.720448,0.646603,-0.048067,0.738691,0.626969,-0.043774,0.766669,0.634425,-0.054973,0.714218,0.686113,-0.066714,0.703508,0.703508,-0.064778,0.694785,0.709715,-0.064943
1781654957.6060967,111,1,Right,0.205106,0.729087,-0.0,0.217346,0.60327,0.00792,0.256244,0.506486,0.010046,0.296374,0.440861,0.009836,0.317188,0.377727,0.008721,0.312047,0.515935,-0.00136,0.383181,0.495068,0.000924,0.421639,0.487568,0.002636,0.448756,0.476735,0.002258,0.330269,0.57668,-0.007088,0.37659,0.597404,-0.002394,0.361742,0.618118,0.002393,0.340116,0.622725,0.002897,0.337953,0.646185,-0.010827,0.376687,0.65301,-0.004001,0.364584,0.670076,0.007275,0.343033,0.675779,0.011023,0.339228,0.70854,-0.014075,0.372913,0.704406,-0.004477,0.361369,0.715067,0.00887,0.340523,0.721083,0.017075
1781654957.7057555,112,0,Left,0.836506,0.571905,-0.0,0.798729,0.503439,9.6e-05,0.74243,0.462904,-0.008678,0.701149,0.426701,-0.017398,0.679482,0.374461,-0.028655,0.71847,0.493459,-0.035544,0.655354,0.564359,-0.051039,0.624202,0.602986,-0.059346,0.601199,0.635012,-0.065834,0.729479,0.548178,-0.043139,0.679945,0.642747,-0.057002,0.701477,0.632239,-0.053317,0.722677,0.603712,-0.052953,0.744637,0.604759,-0.049143,0.697832,0.679325,-0.061091,0.717913,0.668909,-0.048284,0.736974,0.642756,-0.041309,0.760262,0.658388,-0.054851,0.715588,0.708625,-0.065596,0.729498,0.704778,-0.057541,0.745151,0.688706,-0.051606
1781654957.7057555,112,1,Right,0.21513,0.694696,0.0,0.239933,0.587921,0.000357,0.285183,0.510535,-0.006064,0.323488,0.445965,-0.012885,0.355416,0.399622,-0.020823,0.344526,0.538334,-0.025306,0.424925,0.57125,-0.035783,0.471152,0.597978,-0.043694,0.503414,0.620525,-0.049766,0.355483,0.607354,-0.029104,0.396858,0.668204,-0.035015,0.375279,0.673543,-0.03212,0.350096,0.661197,-0.032097,0.352298,0.679648,-0.030771,0.379157,0.715996,-0.031296,0.36194,0.717783,-0.019654,0.338692,0.704162,-0.014685,0.34291,0.738394,-0.032225,0.355374,0.755859,-0.028122,0.337427,0.753465,-0.015578,0.317427,0.736774,-0.00688
1781654957.8053417,113,0,Left,0.823787,0.559714,-0.0,0.781399,0.501152,8.2e-05,0.725813,0.47147,-0.008645,0.686657,0.434052,-0.017262,0.666161,0.384046,-0.027888,0.701146,0.523275,-0.035744,0.645605,0.615516,-0.048679,0.618653,0.663121,-0.056384,0.597946,0.698706,-0.063263,0.71725,0.574492,-0.042787,0.684417,0.676715,-0.055081,0.705195,0.656646,-0.052806,0.721711,0.619971,-0.053807,0.737864,0.628616,-0.047991,0.709385,0.70881,-0.057407,0.726979,0.690676,-0.046868,0.74222,0.657939,-0.042105,0.757388,0.678984,-0.052996,0.719804,0.738478,-0.060934,0.710612,0.757611,-0.056195,0.702025,0.765858,-0.053909
1781654957.8053417,113,1,Right,0.215703,0.66217,-0.0,0.258181,0.57459,0.000903,0.313716,0.526335,-0.005755,0.359329,0.479659,-0.014371,0.391478,0.430238,-0.0244,0.364847,0.578295,-0.021673,0.437008,0.650971,-0.032243,0.473329,0.707268,-0.040013,0.498903,0.747984,-0.047028,0.366848,0.646481,-0.028394,0.385911,0.718263,-0.033524,0.36085,0.71803,-0.032212,0.34049,0.69285,-0.035085,0.354498,0.713539,-0.033348,0.363421,0.760574,-0.033304,0.341739,0.757307,-0.020968,0.32142,0.731233,-0.017169,0.33782,0.768201,-0.038745,0.337251,0.798628,-0.03827,0.317141,0.789412,-0.02779,0.300296,0.761987,-0.020481
1781654957.9045677,114,0,Left,0.80225,0.55002,0.0,0.744354,0.518529,-0.002632,0.682361,0.521946,-0.012591,0.640081,0.506776,-0.022044,0.61099,0.483711,-0.034279,0.675709,0.589848,-0.038243,0.633165,0.704823,-0.053045,0.613722,0.772778,-0.063989,0.598798,0.825725,-0.071739,0.704237,0.638389,-0.044598,0.660025,0.756647,-0.052236,0.635567,0.817107,-0.055702,0.617322,0.861433,-0.062568,0.733569,0.677725,-0.048754,0.699976,0.767917,-0.054114,0.708414,0.737166,-0.047154,0.720549,0.699225,-0.044428,0.759322,0.709384,-0.053048,0.725335,0.772908,-0.05773,0.732427,0.749986,-0.048424,0.743742,0.716522,-0.04191
1781654957.9045677,114,1,Right,0.240579,0.623872,0.0,0.293806,0.565771,-0.009402,0.365217,0.548318,-0.01843,0.423418,0.535437,-0.025783,0.465202,0.514203,-0.033312,0.391887,0.63124,-0.038497,0.456936,0.736668,-0.050588,0.491714,0.797658,-0.057334,0.519561,0.847767,-0.062517,0.373899,0.698352,-0.038576,0.406379,0.813401,-0.048362,0.40904,0.853996,-0.047092,0.412463,0.872141,-0.04841,0.349186,0.753513,-0.036491,0.371325,0.815184,-0.042238,0.356792,0.792128,-0.02946,0.342358,0.758486,-0.022003,0.325141,0.793083,-0.034943,0.346387,0.822488,-0.036706,0.332426,0.793008,-0.023649,0.318262,0.75838,-0.013608
1781654958.004938,115,0,Left,0.805765,0.473357,0.0,0.748758,0.471059,-0.001523,0.690602,0.478092,-0.0124,0.64921,0.462458,-0.023633,0.62161,0.444393,-0.03739,0.690688,0.551645,-0.038278,0.656775,0.658957,-0.051367,0.640777,0.711594,-0.05895,0.626351,0.753643,-0.064303,0.724987,0.584412,-0.046904,0.692138,0.710469,-0.056762,0.676401,0.778304,-0.059916,0.665706,0.826072,-0.064974,0.759213,0.609675,-0.053057,0.731399,0.703145,-0.061969,0.734811,0.673454,-0.054606,0.743375,0.636322,-0.04947,0.789577,0.634326,-0.059091,0.758726,0.707471,-0.064927,0.762229,0.680842,-0.054484,0.77152,0.647431,-0.046081
1781654958.004938,115,1,Right,0.238877,0.548985,1e-06,0.294062,0.503227,-0.015526,0.364189,0.498287,-0.030234,0.423342,0.494161,-0.042786,0.468367,0.472204,-0.055136,0.378422,0.596016,-0.04746,0.444494,0.693942,-0.065927,0.481457,0.754611,-0.074289,0.508939,0.810093,-0.078323,0.353689,0.657306,-0.045378,0.385963,0.775214,-0.0622,0.400784,0.833519,-0.063763,0.40823,0.873117,-0.064327,0.324552,0.696184,-0.041621,0.340354,0.736021,-0.052172,0.327039,0.700084,-0.042184,0.310805,0.668636,-0.033878,0.298121,0.719422,-0.038598,0.308962,0.740891,-0.041689,0.295833,0.708569,-0.029673,0.282537,0.682283,-0.019331
1781654958.104411,116,0,Left,0.820879,0.435894,0.0,0.766985,0.412437,-0.010732,0.703477,0.414882,-0.025386,0.659849,0.394015,-0.037666,0.637251,0.355486,-0.052025,0.710277,0.47345,-0.056942,0.663047,0.59067,-0.073826,0.640537,0.654876,-0.080088,0.622567,0.705471,-0.083894,0.742205,0.508792,-0.060047,0.707194,0.642307,-0.074967,0.690425,0.706498,-0.075334,0.679003,0.752683,-0.076857,0.773115,0.538659,-0.060584,0.738686,0.647479,-0.073449,0.738463,0.618278,-0.064046,0.747917,0.580454,-0.055674,0.800049,0.565825,-0.061765,0.766846,0.642351,-0.072199,0.766503,0.616366,-0.063971,0.775349,0.583032,-0.055904
1781654958.104411,116,1,Right,0.245079,0.464424,1e-06,0.302604,0.440788,-0.014204,0.372741,0.436163,-0.030983,0.426109,0.424594,-0.045925,0.467918,0.406683,-0.060724,0.381419,0.516295,-0.05124,0.442987,0.610166,-0.071264,0.47805,0.663918,-0.080486,0.503426,0.710513,-0.085758,0.351822,0.559697,-0.053385,0.387553,0.69692,-0.069786,0.403335,0.758082,-0.070881,0.413801,0.79935,-0.072548,0.319287,0.592981,-0.053857,0.348652,0.697476,-0.066239,0.341925,0.669001,-0.052616,0.329037,0.629947,-0.041847,0.288712,0.62086,-0.055222,0.314527,0.697267,-0.060286,0.308012,0.680169,-0.045854,0.296512,0.652729,-0.033914
1781654958.2039564,117,0,Left,0.805852,0.430654,0.0,0.753424,0.414749,-0.010679,0.69142,0.419162,-0.027311,0.646285,0.399734,-0.042063,0.618427,0.362268,-0.059162,0.700864,0.479311,-0.058707,0.659358,0.603815,-0.076644,0.640126,0.671771,-0.085022,0.62505,0.7236,-0.090982,0.738268,0.507459,-0.064386,0.702514,0.647293,-0.079953,0.684268,0.717203,-0.082856,0.671406,0.766593,-0.087905,0.772499,0.53206,-0.067533,0.732862,0.648628,-0.082813,0.734229,0.618721,-0.073321,0.744523,0.579612,-0.065865,0.800749,0.558302,-0.071135,0.761728,0.644129,-0.083833,0.763149,0.618491,-0.074734,0.773721,0.584387,-0.066637
1781654958.2039564,117,1,Right,0.272071,0.442546,1e-06,0.326746,0.41292,-0.010863,0.397564,0.418479,-0.030126,0.454365,0.420383,-0.047084,0.49938,0.406076,-0.064267,0.408709,0.504614,-0.063617,0.466331,0.630723,-0.088221,0.497348,0.704565,-0.101436,0.518569,0.765669,-0.109179,0.375904,0.539802,-0.067805,0.406171,0.694651,-0.088028,0.418005,0.766031,-0.089054,0.426673,0.811887,-0.091015,0.339884,0.571004,-0.06877,0.364095,0.673541,-0.081677,0.353825,0.629414,-0.064,0.343354,0.578831,-0.051433,0.306634,0.595132,-0.070218,0.330828,0.661972,-0.07496,0.3234,0.626109,-0.056638,0.314805,0.588099,-0.04229
1781654958.303482,118,0,Left,0.793167,0.445028,0.0,0.73773,0.435808,-0.010064,0.673962,0.450697,-0.026646,0.629263,0.440516,-0.040748,0.600437,0.402364,-0.057084,0.688243,0.51379,-0.061072,0.650574,0.645381,-0.079041,0.631976,0.716514,-0.08683,0.616574,0.771527,-0.091967,0.725996,0.541032,-0.065676,0.693022,0.687218,-0.079902,0.677297,0.760513,-0.079716,0.666076,0.812791,-0.082086,0.761855,0.562729,-0.067402,0.724328,0.679778,-0.080247,0.724703,0.649449,-0.068253,0.734041,0.607042,-0.058952,0.792687,0.583629,-0.069601,0.755631,0.667223,-0.080501,0.754706,0.644573,-0.070293,0.762959,0.612045,-0.061085
1781654958.303482,118,1,Right,0.293532,0.446414,1e-06,0.355948,0.431216,-0.006954,0.426217,0.449969,-0.023973,0.481442,0.460862,-0.039532,0.526905,0.464712,-0.055408,0.427061,0.547891,-0.055622,0.47797,0.680794,-0.074952,0.507548,0.752972,-0.083663,0.5274,0.810287,-0.087989,0.391541,0.582054,-0.058693,0.418622,0.741329,-0.070273,0.430833,0.807944,-0.064973,0.44086,0.848003,-0.063008,0.354132,0.609461,-0.058481,0.38096,0.716531,-0.063804,0.375674,0.676239,-0.044161,0.36813,0.625931,-0.031336,0.318963,0.631259,-0.058402,0.345792,0.699283,-0.057695,0.34073,0.660636,-0.038163,0.33333,0.617839,-0.023462
1781654958.4026694,119,0,Left,0.796464,0.447504,0.0,0.740687,0.438154,-0.010595,0.677213,0.45436,-0.028147,0.631522,0.444972,-0.043128,0.602703,0.403604,-0.060759,0.689453,0.508588,-0.065169,0.649114,0.639066,-0.083251,0.630016,0.704908,-0.089677,0.613717,0.755423,-0.093286,0.727664,0.533721,-0.069975,0.692103,0.679924,-0.086002,0.67479,0.753169,-0.087116,0.663492,0.804742,-0.089601,0.763656,0.557833,-0.071516,0.720829,0.684174,-0.085942,0.716146,0.663356,-0.075854,0.724507,0.628635,-0.066875,0.794222,0.583458,-0.073307,0.752116,0.680757,-0.084725,0.743181,0.665042,-0.075637,0.746694,0.63688,-0.066767
1781654958.4026694,119,1,Right,0.297335,0.454075,1e-06,0.360283,0.442403,-0.002182,0.429187,0.461869,-0.017224,0.480591,0.467502,-0.031631,0.521885,0.464145,-0.046886,0.431454,0.545812,-0.051658,0.483124,0.670512,-0.070687,0.511828,0.7379,-0.078099,0.532719,0.789776,-0.081825,0.4007,0.579827,-0.058469,0.426712,0.739883,-0.070237,0.43168,0.805693,-0.065318,0.436906,0.845618,-0.063458,0.364393,0.607776,-0.061918,0.382183,0.721387,-0.067236,0.372764,0.682695,-0.047857,0.365604,0.635341,-0.03542,0.328048,0.629074,-0.06529,0.345168,0.704181,-0.063553,0.337816,0.667992,-0.044003,0.331381,0.629184,-0.029998
1781654958.5026507,120,0,Left,0.820958,0.454206,0.0,0.766639,0.437122,-0.008345,0.701089,0.435855,-0.025131,0.653902,0.423402,-0.038929,0.624948,0.394208,-0.05557,0.710348,0.473963,-0.062757,0.659478,0.577613,-0.081391,0.635399,0.626145,-0.087163,0.617812,0.659838,-0.089281,0.743376,0.510883,-0.067672,0.69423,0.65006,-0.082629,0.677488,0.681189,-0.079956,0.67026,0.68782,-0.077972,0.775416,0.544969,-0.06962,0.726836,0.669476,-0.079941,0.716304,0.676355,-0.067813,0.717085,0.662607,-0.058407,0.803883,0.577506,-0.071696,0.761907,0.674453,-0.079548,0.745614,0.692781,-0.070692,0.738181,0.699192,-0.062789
1781654958.5026507,120,1,Right,0.27354,0.473665,0.0,0.330878,0.446644,0.001005,0.402397,0.452995,-0.014892,0.455373,0.442666,-0.03202,0.497059,0.423694,-0.049935,0.429292,0.491527,-0.045822,0.4867,0.601065,-0.066581,0.515581,0.660854,-0.074542,0.538034,0.710288,-0.080039,0.403714,0.520797,-0.058923,0.421098,0.676948,-0.082633,0.394338,0.655518,-0.076662,0.380043,0.608736,-0.070328,0.369085,0.556989,-0.06977,0.385462,0.686724,-0.084295,0.361975,0.654562,-0.062449,0.351064,0.60975,-0.047411,0.332898,0.592867,-0.080479,0.352803,0.686846,-0.083149,0.333142,0.659161,-0.063546,0.32242,0.624108,-0.050073
1781654958.6028361,121,0,Left,0.848177,0.515757,0.0,0.801356,0.479328,-0.006233,0.741563,0.448454,-0.01941,0.698254,0.412341,-0.030497,0.671549,0.370934,-0.045015,0.748099,0.456842,-0.055808,0.690449,0.508071,-0.073987,0.660649,0.545683,-0.08075,0.637049,0.575088,-0.084512,0.771414,0.496355,-0.06232,0.712815,0.578402,-0.078075,0.681822,0.630974,-0.08174,0.660601,0.670019,-0.085908,0.796016,0.542356,-0.06638,0.7437,0.622646,-0.078312,0.716237,0.671577,-0.079185,0.699606,0.705659,-0.080553,0.819348,0.592232,-0.06995,0.775223,0.658927,-0.079607,0.751901,0.692617,-0.079583,0.735528,0.71739,-0.079783
1781654958.6028361,121,1,Right,0.229485,0.548453,0.0,0.282921,0.485342,-0.001863,0.355208,0.453835,-0.010759,0.41623,0.437748,-0.01977,0.456389,0.405919,-0.028057,0.371538,0.446482,-0.032834,0.446383,0.484577,-0.047281,0.476781,0.516353,-0.05093,0.498071,0.540198,-0.05358,0.359348,0.497396,-0.040979,0.420678,0.565468,-0.054328,0.421723,0.601182,-0.051768,0.417409,0.617862,-0.050962,0.337814,0.555048,-0.048013,0.389927,0.621089,-0.05838,0.381679,0.638174,-0.048464,0.369996,0.638247,-0.042545,0.314645,0.612585,-0.054911,0.349616,0.65393,-0.059932,0.345024,0.663003,-0.052673,0.334795,0.658663,-0.047798
